motif	human_ensembl_gene_id	mouse_ensembl_gene_id	mouse_gene_name
Alx1	ENSG00000180318	ENSMUSG00000036602	Alx1
ALX3	ENSG00000156150	ENSMUSG00000014603	Alx3
Alx4	ENSG00000052850	ENSMUSG00000040310	Alx4
Ar	ENSG00000169083	ENSMUSG00000046532	Ar
Arid3a	ENSG00000116017	ENSMUSG00000019564	Arid3a
Arid3b	ENSG00000179361	ENSMUSG00000004661	Arid3b
Arid5a	ENSG00000196843	ENSMUSG00000037447	Arid5a
ARNT2	ENSG00000172379	ENSMUSG00000015709	Arnt2
Arnt	ENSG00000143437	ENSMUSG00000015522	Arnt
Arntl	ENSG00000133794	ENSMUSG00000055116	Bmal1
Arx	ENSG00000004848	ENSMUSG00000035277	Arx
ASCL1	ENSG00000139352	ENSMUSG00000020052	Ascl1
Ascl2	ENSG00000183734	ENSMUSG00000009248	Ascl2
Atf1	ENSG00000123268	ENSMUSG00000023027	Atf1
ATF2	ENSG00000115966	ENSMUSG00000027104	Atf2
Atf3	ENSG00000162772	ENSMUSG00000026628	Atf3
ATF4	ENSG00000128272	ENSMUSG00000042406	Atf4
ATF6	ENSG00000118217	ENSMUSG00000026663	Atf6
ATF7	ENSG00000170653	ENSMUSG00000099083	Atf7
Atoh1	ENSG00000172238	ENSMUSG00000073043	Atoh1
ATOH7	ENSG00000179774	ENSMUSG00000036816	Atoh7
BACH1	ENSG00000156273	ENSMUSG00000025612	Bach1
BACH2	ENSG00000112182	ENSMUSG00000040270	Bach2
Barhl1	ENSG00000125492	ENSMUSG00000026805	Barhl1
BARHL2	ENSG00000143032	ENSMUSG00000034384	Barhl2
BARX1	ENSG00000131668	ENSMUSG00000021381	Barx1
BARX2	ENSG00000043039	ENSMUSG00000032033	Barx2
BATF3	ENSG00000123685	ENSMUSG00000026630	Batf3
BATF	ENSG00000156127	ENSMUSG00000034266	Batf
BCL6B	ENSG00000161940	ENSMUSG00000000317	Bcl6b
Bcl6	ENSG00000113916	ENSMUSG00000022508	Bcl6
Bhlha15	ENSG00000180535	ENSMUSG00000052271	Bhlha15
BHLHE22	ENSG00000180828	ENSMUSG00000025128	Bhlhe22
BHLHE23	ENSG00000125533	ENSMUSG00000045493	Bhlhe23
Bhlhe40	ENSG00000134107	ENSMUSG00000030103	Bhlhe40
BHLHE41	ENSG00000123095	ENSMUSG00000030256	Bhlhe41
BSX	ENSG00000188909	ENSMUSG00000054360	Bsx
CDX1	ENSG00000113722	ENSMUSG00000024619	Cdx1
CDX2	ENSG00000165556	ENSMUSG00000029646	Cdx2
CDX4	ENSG00000131264	ENSMUSG00000031326	Cdx4
Cebpa	ENSG00000245848	ENSMUSG00000034957	Cebpa
CEBPB	ENSG00000172216	ENSMUSG00000056501	Cebpb
CEBPD	ENSG00000221869	ENSMUSG00000071637	Cebpd
CEBPE	ENSG00000092067	ENSMUSG00000052435	Cebpe
CEBPG	ENSG00000153879	ENSMUSG00000056216	Cebpg
CENPB	ENSG00000125817	ENSMUSG00000068267	Cenpb
CLOCK	ENSG00000134852	ENSMUSG00000029238	Clock
CREB1	ENSG00000118260	ENSMUSG00000025958	Creb1
CREB3	ENSG00000107175	ENSMUSG00000028466	Creb3
CREB3L1	ENSG00000157613	ENSMUSG00000027230	Creb3l1
Creb3l2	ENSG00000182158	ENSMUSG00000038648	Creb3l2
CREB3L4	ENSG00000143578	ENSMUSG00000027938	Creb3l4
Creb5	ENSG00000146592	ENSMUSG00000053007	Creb5
Crem	ENSG00000095794	ENSMUSG00000063889	Crem
Crx	ENSG00000105392	ENSMUSG00000041578	Crx
CTCF	ENSG00000102974	ENSMUSG00000005698	Ctcf
CTCFL	ENSG00000124092	ENSMUSG00000070495	Ctcfl
CUX1	ENSG00000257923	ENSMUSG00000029705	Cux1
CUX2	ENSG00000111249	ENSMUSG00000042589	Cux2
DBP	ENSG00000105516	ENSMUSG00000059824	Dbp
Dlx1	ENSG00000144355	ENSMUSG00000041911	Dlx1
Dlx2	ENSG00000115844	ENSMUSG00000023391	Dlx2
Dlx3	ENSG00000064195	ENSMUSG00000001510	Dlx3
Dlx4	ENSG00000108813	ENSMUSG00000020871	Dlx4
DLX5	ENSG00000105880	ENSMUSG00000029755	Dlx5
DLX6	ENSG00000006377	ENSMUSG00000029754	Dlx6
Dmbx1	ENSG00000197587	ENSMUSG00000028707	Dmbx1
Dmrt1	ENSG00000137090	ENSMUSG00000024837	Dmrt1
DMRT3	ENSG00000064218	ENSMUSG00000042372	Dmrt3
DMRTA2	ENSG00000142700	ENSMUSG00000047143	Dmrta2
Dmrtb1	ENSG00000143006	ENSMUSG00000028610	Dmrtb1
DMRTC2	ENSG00000142025	ENSMUSG00000011349	Dmrtc2
DRGX	ENSG00000165606	ENSMUSG00000041730	Drgx
DUX4	ENSG00000260596	ENSMUSG00000048502	Duxbl1
E2F1	ENSG00000101412	ENSMUSG00000027490	E2f1
E2F2	ENSG00000007968	ENSMUSG00000018983	E2f2
E2F3	ENSG00000112242	ENSMUSG00000016477	E2f3
E2F4	ENSG00000205250	ENSMUSG00000014859	E2f4
E2F6	ENSG00000169016	ENSMUSG00000057469	E2f6
E2F7	ENSG00000165891	ENSMUSG00000020185	E2f7
E2F8	ENSG00000129173	ENSMUSG00000046179	E2f8
EBF1	ENSG00000164330	ENSMUSG00000057098	Ebf1
Ebf2	ENSG00000221818	ENSMUSG00000022053	Ebf2
EBF3	ENSG00000108001	ENSMUSG00000010476	Ebf3
Egr1	ENSG00000120738	ENSMUSG00000038418	Egr1
EGR2	ENSG00000122877	ENSMUSG00000037868	Egr2
EGR3	ENSG00000179388	ENSMUSG00000033730	Egr3
EGR4	ENSG00000135625	ENSMUSG00000071341	Egr4
EHF	ENSG00000135373	ENSMUSG00000012350	Ehf
ELF1	ENSG00000120690	ENSMUSG00000036461	Elf1
ELF2	ENSG00000109381	ENSMUSG00000037174	Elf2
ELF3	ENSG00000163435	ENSMUSG00000003051	Elf3
ELF4	ENSG00000102034	ENSMUSG00000031103	Elf4
ELF5	ENSG00000135374	ENSMUSG00000027186	Elf5
ELK1	ENSG00000126767	ENSMUSG00000009406	Elk1
ELK3	ENSG00000111145	ENSMUSG00000008398	Elk3
ELK4	ENSG00000158711	ENSMUSG00000026436	Elk4
EMX1	ENSG00000135638	ENSMUSG00000033726	Emx1
EMX2	ENSG00000170370	ENSMUSG00000043969	Emx2
En1	ENSG00000163064	ENSMUSG00000058665	En1
EN2	ENSG00000164778	ENSMUSG00000039095	En2
EOMES	ENSG00000163508	ENSMUSG00000032446	Eomes
ERF	ENSG00000105722	ENSMUSG00000040857	Erf
Erg	ENSG00000157554	ENSMUSG00000040732	Erg
ESR1	ENSG00000091831	ENSMUSG00000019768	Esr1
ESR2	ENSG00000140009	ENSMUSG00000021055	Esr2
Esrra	ENSG00000173153	ENSMUSG00000024955	Esrra
Esrrb	ENSG00000119715	ENSMUSG00000021255	Esrrb
Esrrg	ENSG00000196482	ENSMUSG00000026610	Esrrg
ESX1	ENSG00000123576	ENSMUSG00000023443	Esx1
Ets1	ENSG00000134954	ENSMUSG00000032035	Ets1
ETS2	ENSG00000157557	ENSMUSG00000022895	Ets2
ETV1	ENSG00000006468	ENSMUSG00000004151	Etv1
ETV2	ENSG00000105672	ENSMUSG00000006311	Etv2
ETV3	ENSG00000117036	ENSMUSG00000003382	Etv3
ETV4	ENSG00000175832	ENSMUSG00000017724	Etv4
ETV5	ENSG00000244405	ENSMUSG00000013089	Etv5
ETV6	ENSG00000139083	ENSMUSG00000030199	Etv6
EVX1	ENSG00000106038	ENSMUSG00000005503	Evx1
EVX2	ENSG00000174279	ENSMUSG00000001815	Evx2
FERD3L	ENSG00000146618	ENSMUSG00000046518	Ferd3l
FEV	ENSG00000163497	ENSMUSG00000055197	Fev
FIGLA	ENSG00000183733	ENSMUSG00000030001	Figla
FLI1	ENSG00000151702	ENSMUSG00000016087	Fli1
FOS	ENSG00000170345	ENSMUSG00000021250	Fos
FOSL1	ENSG00000175592	ENSMUSG00000024912	Fosl1
FOSL2	ENSG00000075426	ENSMUSG00000029135	Fosl2
FOXA1	ENSG00000129514	ENSMUSG00000035451	Foxa1
Foxa2	ENSG00000125798	ENSMUSG00000037025	Foxa2
FOXA3	ENSG00000170608	ENSMUSG00000040891	Foxa3
FOXB1	ENSG00000171956	ENSMUSG00000059246	Foxb1
FOXC1	ENSG00000054598	ENSMUSG00000050295	Foxc1
FOXC2	ENSG00000176692	ENSMUSG00000046714	Foxc2
FOXD1	ENSG00000251493	ENSMUSG00000078302	Foxd1
FOXD2	ENSG00000186564	ENSMUSG00000055210	Foxd2
Foxd3	ENSG00000187140	ENSMUSG00000067261	Foxd3
FOXE1	ENSG00000178919	ENSMUSG00000070990	Foxe1
Foxf1	ENSG00000103241	ENSMUSG00000042812	Foxf1
FOXF2	ENSG00000137273	ENSMUSG00000038402	Foxf2
FOXG1	ENSG00000176165	ENSMUSG00000020950	Foxg1
FOXH1	ENSG00000160973	ENSMUSG00000033837	Foxh1
FOXI1	ENSG00000168269	ENSMUSG00000047861	Foxi1
Foxj2	ENSG00000065970	ENSMUSG00000003154	Foxj2
Foxj3	ENSG00000198815	ENSMUSG00000032998	Foxj3
Foxk1	ENSG00000164916	ENSMUSG00000056493	Foxk1
FOXK2	ENSG00000141568	ENSMUSG00000039275	Foxk2
FOXL1	ENSG00000176678	ENSMUSG00000097084	Foxl1
Foxl2	ENSG00000183770	ENSMUSG00000050397	Foxl2
FOXN3	ENSG00000053254	ENSMUSG00000033713	Foxn3
Foxo1	ENSG00000150907	ENSMUSG00000044167	Foxo1
FOXO3	ENSG00000118689	ENSMUSG00000048756	Foxo3
FOXO4	ENSG00000184481	ENSMUSG00000042903	Foxo4
FOXO6	ENSG00000204060	ENSMUSG00000052135	Foxo6
FOXP1	ENSG00000114861	ENSMUSG00000030067	Foxp1
FOXP2	ENSG00000128573	ENSMUSG00000029563	Foxp2
FOXP3	ENSG00000049768	ENSMUSG00000039521	Foxp3
Foxq1	ENSG00000164379	ENSMUSG00000038415	Foxq1
Gabpa	ENSG00000154727	ENSMUSG00000008976	Gabpa
Gata1	ENSG00000102145	ENSMUSG00000031162	Gata1
GATA2	ENSG00000179348	ENSMUSG00000015053	Gata2
GATA3	ENSG00000107485	ENSMUSG00000015619	Gata3
Gata4	ENSG00000136574	ENSMUSG00000021944	Gata4
GATA5	ENSG00000130700	ENSMUSG00000015627	Gata5
GATA6	ENSG00000141448	ENSMUSG00000005836	Gata6
GBX1	ENSG00000164900	ENSMUSG00000067724	Gbx1
GBX2	ENSG00000168505	ENSMUSG00000034486	Gbx2
GCM1	ENSG00000137270	ENSMUSG00000023333	Gcm1
GCM2	ENSG00000124827	ENSMUSG00000021362	Gcm2
Gfi1b	ENSG00000165702	ENSMUSG00000026815	Gfi1b
Gfi1	ENSG00000162676	ENSMUSG00000029275	Gfi1
GLI2	ENSG00000074047	ENSMUSG00000048402	Gli2
GLI3	ENSG00000106571	ENSMUSG00000021318	Gli3
GLIS1	ENSG00000174332	ENSMUSG00000034762	Glis1
GLIS2	ENSG00000126603	ENSMUSG00000014303	Glis2
GLIS3	ENSG00000107249	ENSMUSG00000052942	Glis3
Gmeb1	ENSG00000162419	ENSMUSG00000028901	Gmeb1
GMEB2	ENSG00000101216	ENSMUSG00000038705	Gmeb2
GRHL1	ENSG00000134317	ENSMUSG00000020656	Grhl1
GRHL2	ENSG00000083307	ENSMUSG00000022286	Grhl2
GSC2	ENSG00000063515	ENSMUSG00000022738	Gsc2
GSC	ENSG00000133937	ENSMUSG00000021095	Gsc
GSX1	ENSG00000169840	ENSMUSG00000053129	Gsx1
GSX2	ENSG00000180613	ENSMUSG00000035946	Gsx2
HAND2	ENSG00000164107	ENSMUSG00000038193	Hand2
Hes1	ENSG00000114315	ENSMUSG00000022528	Hes1
Hes2	ENSG00000069812	ENSMUSG00000028940	Hes2
HES5	ENSG00000197921	ENSMUSG00000048001	Hes5
HES6	ENSG00000144485	ENSMUSG00000067071	Hes6
HES7	ENSG00000179111	ENSMUSG00000023781	Hes7
HESX1	ENSG00000163666	ENSMUSG00000040726	Hesx1
HEY1	ENSG00000164683	ENSMUSG00000040289	Hey1
HEY2	ENSG00000135547	ENSMUSG00000019789	Hey2
Hic1	ENSG00000177374	ENSMUSG00000043099	Hic1
HIC2	ENSG00000169635	ENSMUSG00000050240	Hic2
HIF1A	ENSG00000100644	ENSMUSG00000021109	Hif1a
HINFP	ENSG00000172273	ENSMUSG00000032119	Hinfp
HLF	ENSG00000108924	ENSMUSG00000003949	Hlf
HLTF	ENSG00000071794	ENSMUSG00000002428	Hltf
HMBOX1	ENSG00000147421	ENSMUSG00000021972	Hmbox1
Hmx1	ENSG00000215612	ENSMUSG00000067438	Hmx1
Hmx2	ENSG00000188816	ENSMUSG00000050100	Hmx2
Hmx3	ENSG00000188620	ENSMUSG00000040148	Hmx3
HNF1A	ENSG00000135100	ENSMUSG00000029556	Hnf1a
HNF1B	ENSG00000275410	ENSMUSG00000020679	Hnf1b
Hnf4a	ENSG00000101076	ENSMUSG00000017950	Hnf4a
HNF4G	ENSG00000164749	ENSMUSG00000017688	Hnf4g
HOXA10	ENSG00000253293	ENSMUSG00000000938	Hoxa10
Hoxa11	ENSG00000005073	ENSMUSG00000038210	Hoxa11
HOXA13	ENSG00000106031	ENSMUSG00000038203	Hoxa13
HOXA1	ENSG00000105991	ENSMUSG00000029844	Hoxa1
HOXA2	ENSG00000105996	ENSMUSG00000014704	Hoxa2
HOXA4	ENSG00000197576	ENSMUSG00000000942	Hoxa4
HOXA5	ENSG00000106004	ENSMUSG00000038253	Hoxa5
HOXA6	ENSG00000106006	ENSMUSG00000043219	Hoxa6
HOXA7	ENSG00000122592	ENSMUSG00000038236	Hoxa7
Hoxa9	ENSG00000078399	ENSMUSG00000038227	Hoxa9
HOXB13	ENSG00000159184	ENSMUSG00000049604	Hoxb13
HOXB2	ENSG00000173917	ENSMUSG00000075588	Hoxb2
HOXB3	ENSG00000120093	ENSMUSG00000048763	Hoxb3
HOXB4	ENSG00000182742	ENSMUSG00000038692	Hoxb4
Hoxb5	ENSG00000120075	ENSMUSG00000038700	Hoxb5
HOXB6	ENSG00000108511	ENSMUSG00000000690	Hoxb6
HOXB7	ENSG00000260027	ENSMUSG00000038721	Hoxb7
HOXB8	ENSG00000120068	ENSMUSG00000056648	Hoxb8
HOXB9	ENSG00000170689	ENSMUSG00000020875	Hoxb9
HOXC10	ENSG00000180818	ENSMUSG00000022484	Hoxc10
HOXC11	ENSG00000123388	ENSMUSG00000001656	Hoxc11
HOXC12	ENSG00000123407	ENSMUSG00000050328	Hoxc12
HOXC13	ENSG00000123364	ENSMUSG00000001655	Hoxc13
HOXC4	ENSG00000198353	ENSMUSG00000075394	Hoxc4
HOXC8	ENSG00000037965	ENSMUSG00000001657	Hoxc8
Hoxc9	ENSG00000180806	ENSMUSG00000036139	Hoxc9
HOXD10	ENSG00000128710	ENSMUSG00000050368	Hoxd10
HOXD11	ENSG00000128713	ENSMUSG00000042499	Hoxd11
HOXD12	ENSG00000170178	ENSMUSG00000001823	Hoxd12
HOXD13	ENSG00000128714	ENSMUSG00000001819	Hoxd13
Hoxd3	ENSG00000128652	ENSMUSG00000079277	Hoxd3
HOXD4	ENSG00000170166	ENSMUSG00000101174	Hoxd4
Hoxd8	ENSG00000175879	ENSMUSG00000027102	Hoxd8
Hoxd9	ENSG00000128709	ENSMUSG00000043342	Hoxd9
HSF1	ENSG00000185122	ENSMUSG00000022556	Hsf1
HSF2	ENSG00000025156	ENSMUSG00000019878	Hsf2
HSF4	ENSG00000102878	ENSMUSG00000033249	Hsf4
IKZF1	ENSG00000185811	ENSMUSG00000018654	Ikzf1
INSM1	ENSG00000173404	ENSMUSG00000068154	Insm1
IRF1	ENSG00000125347	ENSMUSG00000018899	Irf1
IRF2	ENSG00000168310	ENSMUSG00000031627	Irf2
IRF3	ENSG00000126456	ENSMUSG00000003184	Irf3
IRF4	ENSG00000137265	ENSMUSG00000021356	Irf4
IRF5	ENSG00000128604	ENSMUSG00000029771	Irf5
IRF6	ENSG00000117595	ENSMUSG00000026638	Irf6
IRF7	ENSG00000185507	ENSMUSG00000025498	Irf7
IRF8	ENSG00000140968	ENSMUSG00000041515	Irf8
IRF9	ENSG00000213928	ENSMUSG00000002325	Irf9
Isl1	ENSG00000016082	ENSMUSG00000042258	Isl1
ISL2	ENSG00000159556	ENSMUSG00000032318	Isl2
ISX	ENSG00000175329	ENSMUSG00000031621	Isx
JDP2	ENSG00000140044	ENSMUSG00000034271	Jdp2
JUNB	ENSG00000171223	ENSMUSG00000052837	Junb
JUND	ENSG00000130522	ENSMUSG00000071076	Jund
JUN	ENSG00000177606	ENSMUSG00000052684	Jun
KLF10	ENSG00000155090	ENSMUSG00000037465	Klf10
KLF11	ENSG00000172059	ENSMUSG00000020653	Klf11
Klf12	ENSG00000118922	ENSMUSG00000072294	Klf12
KLF13	ENSG00000169926	ENSMUSG00000052040	Klf13
KLF14	ENSG00000266265	ENSMUSG00000073209	Klf14
KLF15	ENSG00000163884	ENSMUSG00000030087	Klf15
KLF16	ENSG00000129911	ENSMUSG00000035397	Klf16
KLF17	ENSG00000171872	ENSMUSG00000048626	Klf17
Klf1	ENSG00000105610	ENSMUSG00000054191	Klf1
KLF2	ENSG00000127528	ENSMUSG00000055148	Klf2
KLF3	ENSG00000109787	ENSMUSG00000029178	Klf3
Klf4	ENSG00000136826	ENSMUSG00000003032	Klf4
KLF5	ENSG00000102554	ENSMUSG00000005148	Klf5
KLF6	ENSG00000067082	ENSMUSG00000000078	Klf6
KLF9	ENSG00000119138	ENSMUSG00000033863	Klf9
LBX1	ENSG00000138136	ENSMUSG00000025216	Lbx1
LBX2	ENSG00000179528	ENSMUSG00000034968	Lbx2
LEF1	ENSG00000138795	ENSMUSG00000027985	Lef1
LHX1	ENSG00000273706	ENSMUSG00000018698	Lhx1
LHX2	ENSG00000106689	ENSMUSG00000000247	Lhx2
Lhx3	ENSG00000107187	ENSMUSG00000026934	Lhx3
Lhx4	ENSG00000121454	ENSMUSG00000026468	Lhx4
LHX5	ENSG00000089116	ENSMUSG00000029595	Lhx5
LHX6	ENSG00000106852	ENSMUSG00000026890	Lhx6
Lhx8	ENSG00000162624	ENSMUSG00000096225	Lhx8
LHX9	ENSG00000143355	ENSMUSG00000019230	Lhx9
LIN54	ENSG00000189308	ENSMUSG00000118665	Lin54
LMX1A	ENSG00000162761	ENSMUSG00000026686	Lmx1a
LMX1B	ENSG00000136944	ENSMUSG00000038765	Lmx1b
MAFA	ENSG00000182759	ENSMUSG00000047591	Mafa
Mafb_1	ENSG00000204103	ENSMUSG00000074622	Mafb
MAF	ENSG00000178573	ENSMUSG00000055435	Maf
MAFF	ENSG00000185022	ENSMUSG00000042622	Maff
MAFG	ENSG00000197063	ENSMUSG00000051510	Mafg
Mafk_1	ENSG00000198517	ENSMUSG00000018143	Mafk
Max_1	ENSG00000125952	ENSMUSG00000059436	Max
MAZ	ENSG00000103495	ENSMUSG00000030678	Maz
Mecom	ENSG00000085276	ENSMUSG00000027684	Mecom
MEF2A	ENSG00000068305	ENSMUSG00000030557	Mef2a
MEF2B	ENSG00000213999	ENSMUSG00000079033	Mef2b
MEF2C	ENSG00000081189	ENSMUSG00000005583	Mef2c
MEF2D	ENSG00000116604	ENSMUSG00000001419	Mef2d
Meis1	ENSG00000143995	ENSMUSG00000020160	Meis1
MEIS2	ENSG00000134138	ENSMUSG00000027210	Meis2
MEIS3	ENSG00000105419	ENSMUSG00000041420	Meis3
MEOX1	ENSG00000005102	ENSMUSG00000001493	Meox1
MEOX2	ENSG00000106511	ENSMUSG00000036144	Meox2
MGA	ENSG00000174197	ENSMUSG00000033943	Mga
Mitf	ENSG00000187098	ENSMUSG00000035158	Mitf
mix-a	ENSG00000185155	ENSMUSG00000026497	Mixl1
MLX	ENSG00000108788	ENSMUSG00000017801	Mlx
Mlxip	ENSG00000175727	ENSMUSG00000038342	Mlxip
MLXIPL	ENSG00000009950	ENSMUSG00000005373	Mlxipl
MNT	ENSG00000070444	ENSMUSG00000000282	Mnt
MNX1	ENSG00000130675	ENSMUSG00000001566	Mnx1
MSANTD3	ENSG00000066697	ENSMUSG00000039693	Msantd3
MSC	ENSG00000178860	ENSMUSG00000025930	Msc
MSGN1	ENSG00000151379	ENSMUSG00000047002	Msgn1
MSX1	ENSG00000163132	ENSMUSG00000048450	Msx1
MSX2	ENSG00000120149	ENSMUSG00000021469	Msx2
MTF1	ENSG00000188786	ENSMUSG00000028890	Mtf1
MXI1	ENSG00000119950	ENSMUSG00000025025	Mxi1
Myb	ENSG00000118513	ENSMUSG00000019982	Myb
MYBL1	ENSG00000185697	ENSMUSG00000025912	Mybl1
MYBL2	ENSG00000101057	ENSMUSG00000017861	Mybl2
Myc	ENSG00000136997	ENSMUSG00000022346	Myc
Mycn	ENSG00000134323	ENSMUSG00000044597	Mycs
MYF5	ENSG00000111049	ENSMUSG00000000435	Myf5
MYF6	ENSG00000111046	ENSMUSG00000035923	Myf6
Myod1	ENSG00000129152	ENSMUSG00000009471	Myod1
Myog	ENSG00000122180	ENSMUSG00000026459	Myog
MZF1	ENSG00000099326	ENSMUSG00000030380	Mzf1
NEUROD1	ENSG00000162992	ENSMUSG00000034701	Neurod1
NEUROD2	ENSG00000171532	ENSMUSG00000038255	Neurod2
Neurog1	ENSG00000181965	ENSMUSG00000048904	Neurog1
NEUROG2	ENSG00000178403	ENSMUSG00000027967	Neurog2
NFAT5	ENSG00000102908	ENSMUSG00000003847	Nfat5
NFATC1	ENSG00000131196	ENSMUSG00000033016	Nfatc1
NFATC2	ENSG00000101096	ENSMUSG00000027544	Nfatc2
NFATC3	ENSG00000072736	ENSMUSG00000031902	Nfatc3
NFATC4	ENSG00000100968	ENSMUSG00000023411	Nfatc4
NFE2	ENSG00000123405	ENSMUSG00000058794	Nfe2
NFE2L1	ENSG00000082641	ENSMUSG00000038615	Nfe2l1
Nfe2l2	ENSG00000116044	ENSMUSG00000015839	Nfe2l2
NFIA	ENSG00000162599	ENSMUSG00000028565	Nfia
NFIB	ENSG00000147862	ENSMUSG00000008575	Nfib
NFIC	ENSG00000141905	ENSMUSG00000055053	Nfic
NFIL3	ENSG00000165030	ENSMUSG00000056749	Nfil3
NFIX	ENSG00000008441	ENSMUSG00000001911	Nfix
NFKB1	ENSG00000109320	ENSMUSG00000028163	Nfkb1
NFKB2	ENSG00000077150	ENSMUSG00000025225	Nfkb2
NFYA	ENSG00000001167	ENSMUSG00000023994	Nfya
NFYB	ENSG00000120837	ENSMUSG00000020248	Nfyb
NFYC	ENSG00000066136	ENSMUSG00000032897	Nfyc
NHLH1	ENSG00000171786	ENSMUSG00000051251	Nhlh1
NHLH2	ENSG00000177551	ENSMUSG00000048540	Nhlh2
NKX2-2	ENSG00000125820	ENSMUSG00000027434	Nkx2-2
NKX2-3	ENSG00000119919	ENSMUSG00000044220	Nkx2-3
Nkx2-5	ENSG00000183072	ENSMUSG00000015579	Nkx2-5
NKX2-8	ENSG00000136327	ENSMUSG00000058669	Nkx2-9
Nkx3-1	ENSG00000167034	ENSMUSG00000022061	Nkx3-1
Nkx3-2	ENSG00000109705	ENSMUSG00000049691	Nkx3-2
NKX6-1	ENSG00000163623	ENSMUSG00000035187	Nkx6-1
NKX6-2	ENSG00000148826	ENSMUSG00000041309	Nkx6-2
NKX6-3	ENSG00000165066	ENSMUSG00000063672	Nkx6-3
Nobox	ENSG00000106410	ENSMUSG00000029736	Nobox
NOTO	ENSG00000214513	ENSMUSG00000068302	Noto
Npas2	ENSG00000170485	ENSMUSG00000026077	Npas2
NR1D1	ENSG00000126368	ENSMUSG00000020889	Nr1d1
NR1D2	ENSG00000174738	ENSMUSG00000021775	Nr1d2
NR1H4	ENSG00000012504	ENSMUSG00000047638	Nr1h4
NR1I2	ENSG00000144852	ENSMUSG00000022809	Nr1i2
NR1I3	ENSG00000143257	ENSMUSG00000005677	Nr1i3
NR2C1	ENSG00000120798	ENSMUSG00000005897	Nr2c1
NR2C2	ENSG00000177463	ENSMUSG00000005893	Nr2c2
Nr2e1	ENSG00000112333	ENSMUSG00000019803	Nr2e1
Nr2e3	ENSG00000278570	ENSMUSG00000032292	Nr2e3
NR2F1	ENSG00000175745	ENSMUSG00000069171	Nr2f1
NR2F2	ENSG00000185551	ENSMUSG00000030551	Nr2f2
Nr2f6	ENSG00000160113	ENSMUSG00000002393	Nr2f6
NR3C1	ENSG00000113580	ENSMUSG00000024431	Nr3c1
NR3C2	ENSG00000151623	ENSMUSG00000031618	Nr3c2
NR4A1	ENSG00000123358	ENSMUSG00000023034	Nr4a1
NR4A2	ENSG00000153234	ENSMUSG00000026826	Nr4a2
NR5A1	ENSG00000136931	ENSMUSG00000026751	Nr5a1
Nr5a2	ENSG00000116833	ENSMUSG00000026398	Nr5a2
NR6A1	ENSG00000148200	ENSMUSG00000063972	Nr6a1
NRF1	ENSG00000106459	ENSMUSG00000058440	Nrf1
NRL	ENSG00000129535	ENSMUSG00000040632	Nrl
OLIG1	ENSG00000184221	ENSMUSG00000046160	Olig1
OLIG2	ENSG00000205927	ENSMUSG00000039830	Olig2
OLIG3	ENSG00000177468	ENSMUSG00000045591	Olig3
ONECUT1	ENSG00000169856	ENSMUSG00000043013	Onecut1
ONECUT2	ENSG00000119547	ENSMUSG00000045991	Onecut2
ONECUT3	ENSG00000205922	ENSMUSG00000045518	Onecut3
OSR1	ENSG00000143867	ENSMUSG00000048387	Osr1
OSR2	ENSG00000164920	ENSMUSG00000022330	Osr2
OTX1	ENSG00000115507	ENSMUSG00000005917	Otx1
OTX2	ENSG00000165588	ENSMUSG00000021848	Otx2
OVOL1	ENSG00000172818	ENSMUSG00000024922	Ovol1
OVOL2	ENSG00000125850	ENSMUSG00000037279	Ovol2
PAX1	ENSG00000125813	ENSMUSG00000037034	Pax1
Pax2	ENSG00000075891	ENSMUSG00000004231	Pax2
PAX3	ENSG00000135903	ENSMUSG00000004872	Pax3
Pax4	ENSG00000106331	ENSMUSG00000029706	Pax4
Pax5	ENSG00000196092	ENSMUSG00000014030	Pax5
PAX6	ENSG00000007372	ENSMUSG00000027168	Pax6
PAX7	ENSG00000009709	ENSMUSG00000028736	Pax7
PAX9	ENSG00000198807	ENSMUSG00000001497	Pax9
PBX1	ENSG00000185630	ENSMUSG00000052534	Pbx1
PBX2	ENSG00000204304	ENSMUSG00000034673	Pbx2
PBX3	ENSG00000167081	ENSMUSG00000038718	Pbx3
Pdx1	ENSG00000139515	ENSMUSG00000029644	Pdx1
PHOX2A	ENSG00000165462	ENSMUSG00000007946	Phox2a
Phox2b	ENSG00000109132	ENSMUSG00000012520	Phox2b
Pitx1	ENSG00000069011	ENSMUSG00000021506	Pitx1
PITX2	ENSG00000164093	ENSMUSG00000028023	Pitx2
PITX3	ENSG00000107859	ENSMUSG00000025229	Pitx3
PKNOX1	ENSG00000160199	ENSMUSG00000006705	Pknox1
PKNOX2	ENSG00000165495	ENSMUSG00000035934	Pknox2
PLAG1	ENSG00000181690	ENSMUSG00000003282	Plag1
Plagl1	ENSG00000118495	ENSMUSG00000019817	Plagl1
PLAGL2	ENSG00000126003	ENSMUSG00000051413	Plagl2
POU1F1	ENSG00000064835	ENSMUSG00000004842	Pou1f1
POU2F1	ENSG00000143190	ENSMUSG00000026565	Pou2f1
POU2F2	ENSG00000028277	ENSMUSG00000008496	Pou2f2
Pou2f3	ENSG00000137709	ENSMUSG00000032015	Pou2f3
POU3F1	ENSG00000185668	ENSMUSG00000090125	Pou3f1
POU3F2	ENSG00000184486	ENSMUSG00000095139	Pou3f2
POU3F3	ENSG00000198914	ENSMUSG00000045515	Pou3f3
POU3F4	ENSG00000196767	ENSMUSG00000056854	Pou3f4
POU4F1	ENSG00000152192	ENSMUSG00000048349	Pou4f1
POU4F2	ENSG00000151615	ENSMUSG00000031688	Pou4f2
POU4F3	ENSG00000091010	ENSMUSG00000024497	Pou4f3
POU5F1B	ENSG00000212993	ENSMUSG00000024406	Pou5f1
POU6F1	ENSG00000184271	ENSMUSG00000009739	Pou6f1
POU6F2	ENSG00000106536	ENSMUSG00000009734	Pou6f2
PPARD	ENSG00000112033	ENSMUSG00000002250	Ppard
PPARG	ENSG00000132170	ENSMUSG00000000440	Pparg
Prdm15	ENSG00000141956	ENSMUSG00000014039	Prdm15
PRDM1	ENSG00000057657	ENSMUSG00000038151	Prdm1
PRDM4	ENSG00000110851	ENSMUSG00000035529	Prdm4
PROP1	ENSG00000175325	ENSMUSG00000044542	Prop1
PROX1	ENSG00000117707	ENSMUSG00000010175	Prox1
PRRX1	ENSG00000116132	ENSMUSG00000026586	Prrx1
Prrx2	ENSG00000167157	ENSMUSG00000039476	Prrx2
Ptf1a	ENSG00000168267	ENSMUSG00000026735	Ptf1a
RARA	ENSG00000131759	ENSMUSG00000037992	Rara
Rarb	ENSG00000077092	ENSMUSG00000017491	Rarb
Rarg	ENSG00000172819	ENSMUSG00000001288	Rarg
RAX	ENSG00000134438	ENSMUSG00000024518	Rax
RBPJ	ENSG00000168214	ENSMUSG00000039191	Rbpj
Rbpjl	ENSG00000124232	ENSMUSG00000017007	Rbpjl
RELA	ENSG00000173039	ENSMUSG00000024927	Rela
RELB	ENSG00000104856	ENSMUSG00000002983	Relb
REL	ENSG00000162924	ENSMUSG00000020275	Rel
REST	ENSG00000084093	ENSMUSG00000029249	Rest
Rfx1	ENSG00000132005	ENSMUSG00000031706	Rfx1
RFX2	ENSG00000087903	ENSMUSG00000024206	Rfx2
RFX3	ENSG00000080298	ENSMUSG00000040929	Rfx3
RFX4	ENSG00000111783	ENSMUSG00000020037	Rfx4
RFX5	ENSG00000143390	ENSMUSG00000005774	Rfx5
RFX7	ENSG00000064490	ENSMUSG00000036120	Rfxank
RHOXF1	ENSG00000101883	ENSMUSG00000050197	Rhox13
RORA	ENSG00000069667	ENSMUSG00000032238	Rora
RORB	ENSG00000198963	ENSMUSG00000036192	Rorb
RORC	ENSG00000143365	ENSMUSG00000028150	Rorc
RREB1	ENSG00000124782	ENSMUSG00000039087	Rreb1
RUNX1	ENSG00000159216	ENSMUSG00000022952	Runx1
RUNX2	ENSG00000124813	ENSMUSG00000039153	Runx2
RUNX3	ENSG00000020633	ENSMUSG00000070691	Runx3
Rxra	ENSG00000186350	ENSMUSG00000015846	Rxra
RXRB	ENSG00000204231	ENSMUSG00000039656	Rxrb
RXRG	ENSG00000143171	ENSMUSG00000015843	Rxrg
SCRT1	ENSG00000261678	ENSMUSG00000048385	Scrt1
SCRT2	ENSG00000215397	ENSMUSG00000060257	Scrt2
Shox2	ENSG00000168779	ENSMUSG00000027833	Shox2
SIX1	ENSG00000126778	ENSMUSG00000051367	Six1
SIX2	ENSG00000170577	ENSMUSG00000024134	Six2
Six3	ENSG00000138083	ENSMUSG00000038805	Six3
Smad1	ENSG00000170365	ENSMUSG00000031681	Smad1
Smad3_1	ENSG00000166949	ENSMUSG00000032402	Smad3
Smad4	ENSG00000141646	ENSMUSG00000024515	Smad4
SMAD5	ENSG00000113658	ENSMUSG00000021540	Smad5
SNAI1	ENSG00000124216	ENSMUSG00000042821	Snai1
SNAI2	ENSG00000019549	ENSMUSG00000022676	Snai2
SNAI3	ENSG00000185669	ENSMUSG00000006587	Snai3
SOHLH2	ENSG00000120669	ENSMUSG00000027794	Sohlh2
SOX10	ENSG00000100146	ENSMUSG00000033006	Sox10
Sox11	ENSG00000176887	ENSMUSG00000063632	Sox11
SOX12	ENSG00000177732	ENSMUSG00000051817	Sox12
SOX13	ENSG00000143842	ENSMUSG00000070643	Sox13
SOX14	ENSG00000168875	ENSMUSG00000053747	Sox14
SOX15	ENSG00000129194	ENSMUSG00000041287	Sox15
Sox17	ENSG00000164736	ENSMUSG00000025902	Sox17
SOX18	ENSG00000203883	ENSMUSG00000046470	Sox18
Sox1	ENSG00000182968	ENSMUSG00000096014	Sox1
SOX21	ENSG00000125285	ENSMUSG00000061517	Sox21
Sox2	ENSG00000181449	ENSMUSG00000074637	Sox2
Sox3	ENSG00000134595	ENSMUSG00000045179	Sox3
SOX4	ENSG00000124766	ENSMUSG00000076431	Sox4
Sox5	ENSG00000134532	ENSMUSG00000041540	Sox5
Sox6	ENSG00000110693	ENSMUSG00000051910	Sox6
SOX8	ENSG00000005513	ENSMUSG00000024176	Sox8
SOX9	ENSG00000125398	ENSMUSG00000000567	Sox9
SP1	ENSG00000185591	ENSMUSG00000001280	Sp1
SP2	ENSG00000167182	ENSMUSG00000018678	Sp2
SP3	ENSG00000172845	ENSMUSG00000027109	Sp3
SP4	ENSG00000105866	ENSMUSG00000025323	Sp4
SP8	ENSG00000164651	ENSMUSG00000048562	Sp8
SP9	ENSG00000217236	ENSMUSG00000068859	Sp9
SPDEF	ENSG00000124664	ENSMUSG00000024215	Spdef
Spi1	ENSG00000066336	ENSMUSG00000002111	Spi1
SPIB	ENSG00000269404	ENSMUSG00000008193	Spib
SPIC	ENSG00000166211	ENSMUSG00000004359	Spic
Spz1	ENSG00000164299	ENSMUSG00000046957	Spz1
SREBF1	ENSG00000072310	ENSMUSG00000020538	Srebf1
SREBF2	ENSG00000198911	ENSMUSG00000022463	Srebf2
SRF	ENSG00000112658	ENSMUSG00000015605	Srf
SRY	ENSG00000184895	ENSMUSG00000069036	Sry
STAT1	ENSG00000115415	ENSMUSG00000026104	Stat1
Stat2	ENSG00000170581	ENSMUSG00000040033	Stat2
Stat3	ENSG00000168610	ENSMUSG00000004040	Stat3
Stat4	ENSG00000138378	ENSMUSG00000062939	Stat4
Stat5a	ENSG00000126561	ENSMUSG00000004043	Stat5a
Stat5b	ENSG00000173757	ENSMUSG00000020919	Stat5b
Stat6	ENSG00000166888	ENSMUSG00000002147	Stat6
TBP	ENSG00000112592	ENSMUSG00000014767	Tbp
TBR1	ENSG00000136535	ENSMUSG00000035033	Tbr1
TBX15	ENSG00000092607	ENSMUSG00000027868	Tbx15
TBX18	ENSG00000112837	ENSMUSG00000032419	Tbx18
TBX19	ENSG00000143178	ENSMUSG00000026572	Tbx19
TBX1	ENSG00000184058	ENSMUSG00000009097	Tbx1
TBX20	ENSG00000164532	ENSMUSG00000031965	Tbx20
TBX21	ENSG00000073861	ENSMUSG00000001444	Tbx21
TBX2	ENSG00000121068	ENSMUSG00000000093	Tbx2
TBX3	ENSG00000135111	ENSMUSG00000018604	Tbx3
TBX4	ENSG00000121075	ENSMUSG00000000094	Tbx4
TBX5	ENSG00000089225	ENSMUSG00000018263	Tbx5
TBX6	ENSG00000149922	ENSMUSG00000030699	Tbx6
Tbxt	ENSG00000164458	ENSMUSG00000062327	T
Tcf12	ENSG00000140262	ENSMUSG00000032228	Tcf12
Tcf21	ENSG00000118526	ENSMUSG00000045680	Tcf21
Tcf3	ENSG00000071564	ENSMUSG00000020167	Tcf3
TCF4	ENSG00000196628	ENSMUSG00000053477	Tcf4
Tcf7	ENSG00000081059	ENSMUSG00000000782	Tcf7
TCF7L1	ENSG00000152284	ENSMUSG00000055799	Tcf7l1
TCF7L2	ENSG00000148737	ENSMUSG00000024985	Tcf7l2
Tcfcp2l1	ENSG00000115112	ENSMUSG00000026380	Tfcp2l1
Tcfl5	ENSG00000101190	ENSMUSG00000038932	Tcfl5
TEAD1	ENSG00000187079	ENSMUSG00000055320	Tead1
TEAD2	ENSG00000074219	ENSMUSG00000030796	Tead2
TEAD3	ENSG00000007866	ENSMUSG00000002249	Tead3
TEAD4	ENSG00000197905	ENSMUSG00000030353	Tead4
TEF	ENSG00000167074	ENSMUSG00000022389	Tef
TFAP2A	ENSG00000137203	ENSMUSG00000021359	Tfap2a
TFAP2B	ENSG00000008196	ENSMUSG00000025927	Tfap2b
TFAP2C	ENSG00000087510	ENSMUSG00000028640	Tfap2c
TFAP2E	ENSG00000116819	ENSMUSG00000042477	Tfap2e
TFAP4	ENSG00000090447	ENSMUSG00000005718	Tfap4
TFCP2	ENSG00000135457	ENSMUSG00000009733	Tfcp2
TFDP1	ENSG00000198176	ENSMUSG00000038482	Tfdp1
TFE3	ENSG00000068323	ENSMUSG00000000134	Tfe3
TFEB	ENSG00000112561	ENSMUSG00000023990	Tfeb
TFEC	ENSG00000105967	ENSMUSG00000029553	Tfec
TGIF1	ENSG00000177426	ENSMUSG00000047407	Tgif1
TGIF2	ENSG00000118707	ENSMUSG00000062175	Tgif2
TGIF2LX	ENSG00000153779	ENSMUSG00000100133	Tgif2lx1
THAP11	ENSG00000168286	ENSMUSG00000036442	Thap11
THAP1	ENSG00000131931	ENSMUSG00000037214	Thap1
THRB	ENSG00000151090	ENSMUSG00000021779	Thrb
TLX2	ENSG00000115297	ENSMUSG00000068327	Tlx2
TP53	ENSG00000141510	ENSMUSG00000059552	Trp53
TP63	ENSG00000073282	ENSMUSG00000022510	Trp63
TP73	ENSG00000078900	ENSMUSG00000029026	Trp73
TWIST1	ENSG00000122691	ENSMUSG00000035799	Twist1
Twist2	ENSG00000233608	ENSMUSG00000007805	Twist2
UNCX	ENSG00000164853	ENSMUSG00000029546	Uncx
USF1	ENSG00000158773	ENSMUSG00000026641	Usf1
USF2	ENSG00000105698	ENSMUSG00000058239	Usf2
VAX1	ENSG00000148704	ENSMUSG00000006270	Vax1
VAX2	ENSG00000116035	ENSMUSG00000034777	Vax2
Vdr	ENSG00000111424	ENSMUSG00000022479	Vdr
VEZF1	ENSG00000136451	ENSMUSG00000018377	Vezf1
VSX1	ENSG00000100987	ENSMUSG00000033080	Vsx1
VSX2	ENSG00000119614	ENSMUSG00000021239	Vsx2
Wt1	ENSG00000184937	ENSMUSG00000016458	Wt1
XBP1	ENSG00000100219	ENSMUSG00000020484	Xbp1
YY1	ENSG00000100811	ENSMUSG00000021264	Yy1
ZBTB12	ENSG00000204366	ENSMUSG00000049823	Zbtb12
ZBTB14	ENSG00000198081	ENSMUSG00000049672	Zbtb14
ZBTB18	ENSG00000179456	ENSMUSG00000063659	Zbtb18
ZBTB26	ENSG00000171448	ENSMUSG00000050714	Zbtb26
ZBTB32	ENSG00000011590	ENSMUSG00000006310	Zbtb32
ZBTB33	ENSG00000177485	ENSMUSG00000048047	Zbtb33
ZBTB6	ENSG00000186130	ENSMUSG00000066798	Zbtb6
ZBTB7A	ENSG00000178951	ENSMUSG00000035011	Zbtb7a
ZBTB7B	ENSG00000160685	ENSMUSG00000028042	Zbtb7b
ZBTB7C	ENSG00000184828	ENSMUSG00000044646	Zbtb7c
ZEB1	ENSG00000148516	ENSMUSG00000024238	Zeb1
ZFP42	ENSG00000179059	ENSMUSG00000051176	Zfp42
ZFP57	ENSG00000204644	ENSMUSG00000036036	Zfp57
Zfx	ENSG00000005889	ENSMUSG00000079509	Zfx
ZIC1	ENSG00000152977	ENSMUSG00000032368	Zic1
Zic2	ENSG00000043355	ENSMUSG00000061524	Zic2
ZIC3	ENSG00000156925	ENSMUSG00000067860	Zic3
ZIC4	ENSG00000174963	ENSMUSG00000036972	Zic4
ZIC5	ENSG00000139800	ENSMUSG00000041703	Zic5
ZKSCAN1	ENSG00000106261	ENSMUSG00000029729	Zkscan1
ZKSCAN5	ENSG00000196652	ENSMUSG00000055991	Zkscan5
znf143	ENSG00000166478	ENSMUSG00000061079	Zfp143
ZNF148	ENSG00000163848	ENSMUSG00000022811	Zfp148
ZNF24	ENSG00000172466	ENSMUSG00000051469	Zfp24
ZNF263	ENSG00000006194	ENSMUSG00000022529	Zfp263
ZNF274	ENSG00000171606	ENSMUSG00000058638	Zfp110
Znf281	ENSG00000162702	ENSMUSG00000041483	Zfp281
ZNF282	ENSG00000170265	ENSMUSG00000025821	Zfp282
ZNF317	ENSG00000130803	ENSMUSG00000057551	Zfp317
ZNF341	ENSG00000131061	ENSMUSG00000059842	Zfp341
ZNF354C	ENSG00000177932	ENSMUSG00000044807	Zfp354c
ZNF382	ENSG00000161298	ENSMUSG00000074220	Zfp382
ZNF384	ENSG00000126746	ENSMUSG00000038346	Zfp384
ZNF410	ENSG00000119725	ENSMUSG00000042472	Zfp410
Znf423	ENSG00000102935	ENSMUSG00000045333	Zfp423
ZNF449	ENSG00000173275	ENSMUSG00000073176	Zfp449
ZNF652	ENSG00000198740	ENSMUSG00000075595	Zfp652
ZNF682	ENSG00000197124	ENSMUSG00000057842	Zfp595
ZNF740	ENSG00000139651	ENSMUSG00000046897	Zfp740
ZSCAN29	ENSG00000140265	ENSMUSG00000050619	Zscan29
1110004F10Rik	ENSG00000110696	ENSMUSG00000030663	1110004F10Rik
1110019D14Rik	NA	ENSMUSG00000097616	1110019D14Rik
1110038B12Rik	NA	ENSMUSG00000092203	1110038B12Rik
1600002D24Rik	NA	ENSMUSG00000117232	1600002D24Rik
1600020E01Rik	NA	ENSMUSG00000097048	1600020E01Rik
1700003G18Rik	NA	ENSMUSG00000087621	1700003G18Rik
1700018A04Rik	NA	ENSMUSG00000038408	1700018A04Rik
1700025G04Rik	ENSG00000116667	ENSMUSG00000032666	1700025G04Rik
1700028E10Rik	NA	ENSMUSG00000097321	1700028E10Rik
1700112D23Rik	NA	ENSMUSG00000091329	1700112D23Rik
1700120C14Rik	NA	ENSMUSG00000100599	1700120C14Rik
1810024B03Rik	NA	ENSMUSG00000044145	1810024B03Rik
1810037I17Rik	ENSG00000164096	ENSMUSG00000054091	1810037I17Rik
2210408I21Rik	ENSG00000185261	ENSMUSG00000071252	2210408I21Rik
2300009A05Rik	ENSG00000189227	ENSMUSG00000032403	2300009A05Rik
2410006H16Rik	NA	ENSMUSG00000086841	2410006H16Rik
2410018L13Rik	NA	ENSMUSG00000073164	2410018L13Rik
2510009E07Rik	ENSG00000187068	ENSMUSG00000043391	2510009E07Rik
2510039O18Rik	ENSG00000116685	ENSMUSG00000044496	2510039O18Rik
2610035D17Rik	NA	ENSMUSG00000087259	2610035D17Rik
2610307P16Rik	NA	ENSMUSG00000085936	2610307P16Rik
2610316D01Rik	NA	ENSMUSG00000097040	2610316D01Rik
2700099C18Rik	NA	ENSMUSG00000121491	2700099C18Rik
2810403D21Rik	NA	ENSMUSG00000086629	2810403D21Rik
2810408I11Rik	NA	ENSMUSG00000087213	2810408I11Rik
2810429I04Rik	NA	ENSMUSG00000097709	2810429I04Rik
2810454H06Rik	NA	ENSMUSG00000100876	2810454H06Rik
3110099E03Rik	NA	ENSMUSG00000085582	3110099E03Rik
3300002I08Rik	NA	ENSMUSG00000063364	3300002I08Rik
4632427E13Rik	NA	ENSMUSG00000074024	4632427E13Rik
4732471J01Rik	NA	ENSMUSG00000053714	4732471J01Rik
4930438E09Rik	NA	ENSMUSG00000093472	4930438E09Rik
4930447C04Rik	ENSG00000179008	ENSMUSG00000021098	4930447C04Rik
4930503L19Rik	ENSG00000166845	ENSMUSG00000044906	4930503L19Rik
4931406C07Rik	ENSG00000182919	ENSMUSG00000031938	4931406C07Rik
4931414P19Rik	ENSG00000100802	ENSMUSG00000022179	4931414P19Rik
4933406I18Rik	NA	ENSMUSG00000087475	4933406I18Rik
5031425E22Rik	NA	ENSMUSG00000073147	5031425E22Rik
5330434G04Rik	NA	ENSMUSG00000087620	5330434G04Rik
5430416N02Rik	NA	ENSMUSG00000097772	5430416N02Rik
6030443J06Rik	NA	ENSMUSG00000097207	6030443J06Rik
6330403K07Rik	NA	ENSMUSG00000018451	6330403K07Rik
9030624G23Rik	NA	ENSMUSG00000073158	9030624G23Rik
9130019P16Rik	NA	ENSMUSG00000073067	9130019P16Rik
9130024F11Rik	NA	ENSMUSG00000087022	9130024F11Rik
9430038I01Rik	ENSG00000237489	ENSMUSG00000040139	9430038I01Rik
9530026P05Rik	NA	ENSMUSG00000097462	9530026P05Rik
9530059O14Rik	NA	ENSMUSG00000097736	9530059O14Rik
9530068E07Rik	ENSG00000113583	ENSMUSG00000036275	9530068E07Rik
a	ENSG00000101440	ENSMUSG00000027596	a
A330069E16Rik	NA	ENSMUSG00000120340	A330069E16Rik
A330076H08Rik	NA	ENSMUSG00000109321	A330076H08Rik
A4galt	ENSG00000128274	ENSMUSG00000047878	A4galt
A630012P03Rik	NA	ENSMUSG00000055110	A630012P03Rik
A730081D07Rik	NA	ENSMUSG00000086693	A730081D07Rik
A830018L16Rik	ENSG00000165084	ENSMUSG00000057715	A830018L16Rik
A830082K12Rik	NA	ENSMUSG00000087143	A830082K12Rik
A930007I19Rik	NA	ENSMUSG00000097855	A930007I19Rik
A930011G23Rik	ENSG00000138670	ENSMUSG00000089809	A930011G23Rik
AA465934	NA	ENSMUSG00000093483	AA465934
Aacs	ENSG00000081760	ENSMUSG00000029482	Aacs
Aatf	ENSG00000275700	ENSMUSG00000018697	Aatf
Aatk	ENSG00000181409	ENSMUSG00000025375	Aatk
Abca1	ENSG00000165029	ENSMUSG00000015243	Abca1
Abca5	ENSG00000154265	ENSMUSG00000018800	Abca5
Abca8b	ENSG00000141338	ENSMUSG00000020620	Abca8b
Abcb10	ENSG00000135776	ENSMUSG00000031974	Abcb10
Abcc4	ENSG00000125257	ENSMUSG00000032849	Abcc4
Abcd2	ENSG00000173208	ENSMUSG00000055782	Abcd2
Abcg2	NA	ENSMUSG00000029802	Abcg2
Abhd17b	ENSG00000107362	ENSMUSG00000047368	Abhd17b
Abi3bp	ENSG00000154175	ENSMUSG00000035258	Abi3bp
Ablim1	ENSG00000099204	ENSMUSG00000025085	Ablim1
Abr	ENSG00000159842	ENSMUSG00000017631	Abr
Abracl	ENSG00000146386	ENSMUSG00000078453	Abracl
Abtb2	ENSG00000166016	ENSMUSG00000032724	Abtb2
Acacb	ENSG00000076555	ENSMUSG00000042010	Acacb
Acadm	ENSG00000117054	ENSMUSG00000062908	Acadm
Acadsb	ENSG00000196177	ENSMUSG00000030861	Acadsb
Acan	ENSG00000157766	ENSMUSG00000030607	Acan
Acat1	ENSG00000075239	ENSMUSG00000032047	Acat1
Acd	ENSG00000102977	ENSMUSG00000038000	Acd
Acer3	ENSG00000078124	ENSMUSG00000030760	Acer3
Ackr3	ENSG00000144476	ENSMUSG00000044337	Ackr3
Acot11	ENSG00000162390	ENSMUSG00000034853	Acot11
Acp1	ENSG00000143727	ENSMUSG00000044573	Acp1
Acsl3	ENSG00000123983	ENSMUSG00000032883	Acsl3
Acsl4	ENSG00000068366	ENSMUSG00000031278	Acsl4
Acss3	ENSG00000111058	ENSMUSG00000035948	Acss3
Actb	ENSG00000075624	ENSMUSG00000029580	Actb
Actc1	ENSG00000159251	ENSMUSG00000068614	Actc1
Actg1	ENSG00000184009	ENSMUSG00000062825	Actg1
Actr1a	ENSG00000138107	ENSMUSG00000025228	Actr1a
Actr5	ENSG00000101442	ENSMUSG00000037761	Actr5
Actr6	ENSG00000075089	ENSMUSG00000019948	Actr6
Acvr2a	ENSG00000121989	ENSMUSG00000052155	Acvr2a
Acyp2	ENSG00000170634	ENSMUSG00000060923	Acyp2
Adam10	ENSG00000137845	ENSMUSG00000054693	Adam10
Adam12	ENSG00000148848	ENSMUSG00000054555	Adam12
Adam19	NA	ENSMUSG00000011256	Adam19
Adam2	ENSG00000104755	ENSMUSG00000022039	Adam2
Adam22	ENSG00000008277	ENSMUSG00000040537	Adam22
Adam23	ENSG00000114948	ENSMUSG00000025964	Adam23
Adamts1	ENSG00000154734	ENSMUSG00000022893	Adamts1
Adamts12	ENSG00000151388	ENSMUSG00000047497	Adamts12
Adamts17	ENSG00000140470	ENSMUSG00000058145	Adamts17
Adamts18	ENSG00000140873	ENSMUSG00000053399	Adamts18
Adamts19	ENSG00000145808	ENSMUSG00000053441	Adamts19
Adamts2	ENSG00000087116	ENSMUSG00000036545	Adamts2
Adamts20	ENSG00000173157	ENSMUSG00000022449	Adamts20
Adamts3	ENSG00000156140	ENSMUSG00000043635	Adamts3
Adamts5	ENSG00000154736	ENSMUSG00000022894	Adamts5
Adamts6	ENSG00000049192	ENSMUSG00000046169	Adamts6
Adamts7	ENSG00000136378	ENSMUSG00000032363	Adamts7
Adamts9	ENSG00000163638	ENSMUSG00000030022	Adamts9
Adamtsl1	ENSG00000178031	ENSMUSG00000066113	Adamtsl1
Adamtsl3	ENSG00000156218	ENSMUSG00000070469	Adamtsl3
Adarb1	ENSG00000197381	ENSMUSG00000020262	Adarb1
Adarb2	ENSG00000185736	ENSMUSG00000052551	Adarb2
Adcy1	ENSG00000164742	ENSMUSG00000020431	Adcy1
Adcy2	ENSG00000078295	ENSMUSG00000021536	Adcy2
Adcy5	ENSG00000173175	ENSMUSG00000022840	Adcy5
Adcy9	ENSG00000162104	ENSMUSG00000005580	Adcy9
Add1	ENSG00000087274	ENSMUSG00000029106	Add1
Add2	ENSG00000075340	ENSMUSG00000030000	Add2
Add3	ENSG00000148700	ENSMUSG00000025026	Add3
Adgrb3	ENSG00000135298	ENSMUSG00000033569	Adgrb3
Adgrd1	ENSG00000111452	ENSMUSG00000044017	Adgrd1
Adgrl2	ENSG00000117114	ENSMUSG00000028184	Adgrl2
Adgrl3	ENSG00000150471	ENSMUSG00000037605	Adgrl3
Adgrv1	ENSG00000164199	ENSMUSG00000069170	Adgrv1
Adh5	ENSG00000197894	ENSMUSG00000028138	Adh5
Adk	ENSG00000156110	ENSMUSG00000039197	Adk
Adpgk	ENSG00000159322	ENSMUSG00000025236	Adpgk
Adprh	ENSG00000144843	ENSMUSG00000002844	Adprh
Aff1	ENSG00000172493	ENSMUSG00000029313	Aff1
Aff2	ENSG00000155966	ENSMUSG00000031189	Aff2
Aff3	ENSG00000144218	ENSMUSG00000037138	Aff3
Aftph	ENSG00000119844	ENSMUSG00000049659	Aftph
Agbl3	ENSG00000146856	ENSMUSG00000038836	Agbl3
Agbl4	ENSG00000186094	ENSMUSG00000061298	Agbl4
Agfg2	ENSG00000106351	ENSMUSG00000029722	Agfg2
Agl	ENSG00000162688	ENSMUSG00000033400	Agl
Ago4	ENSG00000134698	ENSMUSG00000042500	Ago4
Agpat5	ENSG00000155189	ENSMUSG00000031467	Agpat5
Agtr1a	ENSG00000144891	ENSMUSG00000049115	Agtr1a
Ahcyl1	ENSG00000168710	ENSMUSG00000027893	Ahcyl1
Ahcyl2	ENSG00000158467	ENSMUSG00000029772	Ahcyl2
Ahi1	ENSG00000135541	ENSMUSG00000019986	Ahi1
Ahnak	ENSG00000124942	ENSMUSG00000069833	Ahnak
Ahsa2	NA	ENSMUSG00000020288	Ahsa2
Aig1	ENSG00000146416	ENSMUSG00000019806	Aig1
Aim2	ENSG00000163568	ENSMUSG00000037860	Aim2
Airn	NA	ENSMUSG00000078247	Airn
Ak5	ENSG00000154027	ENSMUSG00000039058	Ak5
Akap11	ENSG00000023516	ENSMUSG00000022016	Akap11
Akap12	ENSG00000131016	ENSMUSG00000038587	Akap12
Akap17b	NA	ENSMUSG00000059708	Akap17b
Akap6	ENSG00000151320	ENSMUSG00000061603	Akap6
Akap7	ENSG00000118507	ENSMUSG00000039166	Akap7
Akap8	ENSG00000105127	ENSMUSG00000024045	Akap8
Akap9	ENSG00000127914	ENSMUSG00000040407	Akap9
Akt3	ENSG00000117020	ENSMUSG00000019699	Akt3
Alcam	ENSG00000170017	ENSMUSG00000022636	Alcam
Aldh1a2	ENSG00000128918	ENSMUSG00000013584	Aldh1a2
Aldoa	ENSG00000149925	ENSMUSG00000030695	Aldoa
Alk	ENSG00000171094	ENSMUSG00000055471	Alk
Alkbh1	ENSG00000100601	ENSMUSG00000079036	Alkbh1
Alms1	ENSG00000116127	ENSMUSG00000063810	Alms1
Alpk1	ENSG00000073331	ENSMUSG00000028028	Alpk1
Alpl	ENSG00000162551	ENSMUSG00000028766	Alpl
Als2	ENSG00000003393	ENSMUSG00000026024	Als2
Alyref	ENSG00000183684	ENSMUSG00000025134	Alyref
Ammecr1	ENSG00000101935	ENSMUSG00000042225	Ammecr1
Amot	ENSG00000126016	ENSMUSG00000041688	Amot
Amph	ENSG00000078053	ENSMUSG00000021314	Amph
Amy1	NA	ENSMUSG00000074264	Amy1
Anapc13	ENSG00000129055	ENSMUSG00000035048	Anapc13
Anapc15	NA	ENSMUSG00000030649	Anapc15
Angpt1	ENSG00000154188	ENSMUSG00000022309	Angpt1
Angptl1	ENSG00000116194	ENSMUSG00000033544	Angptl1
Ank	ENSG00000154122	ENSMUSG00000022265	Ank
Ank1	ENSG00000029534	ENSMUSG00000031543	Ank1
Ank2	ENSG00000145362	ENSMUSG00000032826	Ank2
Ank3	ENSG00000151150	ENSMUSG00000069601	Ank3
Ankrd10	ENSG00000088448	ENSMUSG00000031508	Ankrd10
Ankrd12	ENSG00000101745	ENSMUSG00000034647	Ankrd12
Ankrd28	ENSG00000206560	ENSMUSG00000014496	Ankrd28
Ankrd35	ENSG00000198483	ENSMUSG00000038354	Ankrd35
Ankrd36	ENSG00000181626	ENSMUSG00000020481	Ankrd36
Ankrd44	ENSG00000065413	ENSMUSG00000052331	Ankrd44
Ankrd49	ENSG00000168876	ENSMUSG00000031931	Ankrd49
Ankrd6	ENSG00000135299	ENSMUSG00000040183	Ankrd6
Anks1b	ENSG00000185046	ENSMUSG00000058589	Anks1b
Anln	ENSG00000011426	ENSMUSG00000036777	Anln
Ano1	ENSG00000131620	ENSMUSG00000031075	Ano1
Ano3	ENSG00000134343	ENSMUSG00000074968	Ano3
Ano4	ENSG00000151572	ENSMUSG00000035189	Ano4
Anp32b	ENSG00000136938	ENSMUSG00000028333	Anp32b
Antxr1	ENSG00000169604	ENSMUSG00000033420	Antxr1
Antxr2	ENSG00000163297	ENSMUSG00000029338	Antxr2
Anxa2	ENSG00000182718	ENSMUSG00000032231	Anxa2
Anxa7	ENSG00000138279	ENSMUSG00000021814	Anxa7
Ap1s2	ENSG00000182287	ENSMUSG00000031367	Ap1s2
Ap1s3	ENSG00000152056	ENSMUSG00000054702	Ap1s3
Apba1	ENSG00000107282	ENSMUSG00000024897	Apba1
Apba2	ENSG00000034053	ENSMUSG00000030519	Apba2
Apbb2	ENSG00000163697	ENSMUSG00000029207	Apbb2
Apcdd1	ENSG00000154856	ENSMUSG00000071847	Apcdd1
Apex1	ENSG00000100823	ENSMUSG00000035960	Apex1
Apobec1	ENSG00000111701	ENSMUSG00000040613	Apobec1
Apoe	ENSG00000130203	ENSMUSG00000002985	Apoe
Apoo	ENSG00000184831	ENSMUSG00000079508	Apoo
App	ENSG00000142192	ENSMUSG00000022892	App
Appl1	ENSG00000157500	ENSMUSG00000040760	Appl1
Arf4	ENSG00000168374	ENSMUSG00000021877	Arf4
Arglu1	ENSG00000134884	ENSMUSG00000040459	Arglu1
Arhgap10	ENSG00000071205	ENSMUSG00000037148	Arhgap10
Arhgap11a	ENSG00000198826	ENSMUSG00000041219	Arhgap11a
Arhgap18	ENSG00000146376	ENSMUSG00000039031	Arhgap18
Arhgap24	ENSG00000138639	ENSMUSG00000057315	Arhgap24
Arhgap26	ENSG00000145819	ENSMUSG00000036452	Arhgap26
Arhgap28	ENSG00000088756	ENSMUSG00000024043	Arhgap28
Arhgap29	ENSG00000137962	ENSMUSG00000039831	Arhgap29
Arhgap31	ENSG00000031081	ENSMUSG00000022799	Arhgap31
Arhgap32	ENSG00000134909	ENSMUSG00000041444	Arhgap32
Arhgap39	ENSG00000147799	ENSMUSG00000033697	Arhgap39
Arhgap5	ENSG00000100852	ENSMUSG00000035133	Arhgap5
Arhgap6	ENSG00000047648	ENSMUSG00000031355	Arhgap6
Arhgef26	ENSG00000114790	ENSMUSG00000036885	Arhgef26
Arhgef28	ENSG00000214944	ENSMUSG00000021662	Arhgef28
Arhgef3	ENSG00000163947	ENSMUSG00000021895	Arhgef3
Arhgef39	ENSG00000137135	ENSMUSG00000051517	Arhgef39
Arhgef9	ENSG00000131089	ENSMUSG00000025656	Arhgef9
Arid4a	ENSG00000032219	ENSMUSG00000048118	Arid4a
Arid4b	ENSG00000054267	ENSMUSG00000039219	Arid4b
Arid5b	ENSG00000150347	ENSMUSG00000019947	Arid5b
Arl14ep	ENSG00000152219	ENSMUSG00000027122	Arl14ep
Arl15	ENSG00000185305	ENSMUSG00000042348	Arl15
Arl4c	ENSG00000188042	ENSMUSG00000049866	Arl4c
Arl5a	ENSG00000162980	ENSMUSG00000036093	Arl5a
Arl5b	ENSG00000165997	ENSMUSG00000017418	Arl5b
Arl6ip1	ENSG00000170540	ENSMUSG00000030654	Arl6ip1
Arl6ip4	ENSG00000182196	ENSMUSG00000029404	Arl6ip4
Armc10	ENSG00000170632	ENSMUSG00000038525	Armc10
Armc3	ENSG00000165309	ENSMUSG00000037683	Armc3
Armc7	ENSG00000125449	ENSMUSG00000057219	Armc7
Armcx1	ENSG00000126947	ENSMUSG00000033460	Armcx1
Armcx2	ENSG00000184867	ENSMUSG00000033436	Armcx2
Armcx3	ENSG00000102401	ENSMUSG00000049047	Armcx3
Armcx4	ENSG00000196440	ENSMUSG00000049804	Armcx4
Arpp19	ENSG00000128989	ENSMUSG00000007656	Arpp19
Arrdc3	ENSG00000113369	ENSMUSG00000074794	Arrdc3
Arsb	ENSG00000113273	ENSMUSG00000042082	Arsb
Arsj	ENSG00000180801	ENSMUSG00000046561	Arsj
Arxes2	NA	ENSMUSG00000048040	Arxes2
Asah1	ENSG00000104763	ENSMUSG00000031591	Asah1
Asap3	ENSG00000088280	ENSMUSG00000036995	Asap3
Asb4	ENSG00000005981	ENSMUSG00000042607	Asb4
Asic2	ENSG00000108684	ENSMUSG00000020704	Asic2
Asph	ENSG00000198363	ENSMUSG00000028207	Asph
Aspm	ENSG00000066279	ENSMUSG00000033952	Aspm
Aspn	ENSG00000106819	ENSMUSG00000021388	Aspn
Astn1	ENSG00000152092	ENSMUSG00000026587	Astn1
Astn2	ENSG00000148219	ENSMUSG00000028373	Astn2
Asxl3	ENSG00000141431	ENSMUSG00000045215	Asxl3
Atad2	NA	ENSMUSG00000022360	Atad2
Atad3a	ENSG00000197785	ENSMUSG00000029036	Atad3a
Atad5	ENSG00000176208	ENSMUSG00000017550	Atad5
Atf6b	ENSG00000213676	ENSMUSG00000015461	Atf6b
Atf7ip2	ENSG00000166669	ENSMUSG00000039200	Atf7ip2
Atg10	ENSG00000152348	ENSMUSG00000021619	Atg10
Atg14	ENSG00000126775	ENSMUSG00000037526	Atg14
Atic	ENSG00000138363	ENSMUSG00000026192	Atic
Atm	ENSG00000149311	ENSMUSG00000034218	Atm
Atox1	ENSG00000177556	ENSMUSG00000018585	Atox1
Atp10a	ENSG00000206190	ENSMUSG00000025324	Atp10a
Atp10d	ENSG00000145246	ENSMUSG00000046808	Atp10d
Atp11c	ENSG00000101974	ENSMUSG00000062949	Atp11c
Atp13a3	ENSG00000133657	ENSMUSG00000022533	Atp13a3
Atp1b3	ENSG00000069849	ENSMUSG00000032412	Atp1b3
Atp2a2	ENSG00000174437	ENSMUSG00000029467	Atp2a2
Atp2b1	ENSG00000070961	ENSMUSG00000019943	Atp2b1
Atp2b4	ENSG00000058668	ENSMUSG00000026463	Atp2b4
Atp2c1	ENSG00000017260	ENSMUSG00000032570	Atp2c1
Atp6v0a4	ENSG00000105929	ENSMUSG00000038600	Atp6v0a4
Atp6v1g1	ENSG00000136888	ENSMUSG00000039105	Atp6v1g1
Atp7a	ENSG00000165240	ENSMUSG00000033792	Atp7a
Atp8a1	ENSG00000124406	ENSMUSG00000037685	Atp8a1
Atp8a2	ENSG00000132932	ENSMUSG00000021983	Atp8a2
Atp8b2	ENSG00000143515	ENSMUSG00000060671	Atp8b2
Atpaf1	ENSG00000123472	ENSMUSG00000028710	Atpaf1
Atpaf2	ENSG00000171953	ENSMUSG00000042709	Atpaf2
Atr	ENSG00000175054	ENSMUSG00000032409	Atr
Atraid	ENSG00000138085	ENSMUSG00000013622	Atraid
Atrnl1	ENSG00000107518	ENSMUSG00000054843	Atrnl1
Atxn1	ENSG00000124788	ENSMUSG00000046876	Atxn1
Atxn7l3b	ENSG00000253719	ENSMUSG00000074748	Atxn7l3b
AU041133	NA	ENSMUSG00000078435	AU041133
Aup1	ENSG00000115307	ENSMUSG00000068328	Aup1
Aurka	ENSG00000087586	ENSMUSG00000027496	Aurka
Auts2	ENSG00000158321	ENSMUSG00000029673	Auts2
Aven	ENSG00000169857	ENSMUSG00000003604	Aven
AW551984	ENSG00000110002	ENSMUSG00000038112	AW551984
Axin2	ENSG00000168646	ENSMUSG00000000142	Axin2
Azin1	ENSG00000155096	ENSMUSG00000037458	Azin1
B130024G19Rik	NA	ENSMUSG00000100005	B130024G19Rik
B230219D22Rik	ENSG00000181904	ENSMUSG00000045767	B230219D22Rik
B3galt1	ENSG00000172318	ENSMUSG00000034780	B3galt1
B3glct	ENSG00000187676	ENSMUSG00000051950	B3glct
B3gnt5	ENSG00000176597	ENSMUSG00000022686	B3gnt5
B4galnt2	ENSG00000167080	ENSMUSG00000013418	B4galnt2
B4galnt4	ENSG00000182272	ENSMUSG00000055629	B4galnt4
Bad	ENSG00000002330	ENSMUSG00000024959	Bad
Bahcc1	ENSG00000266074	ENSMUSG00000039741	Bahcc1
Baiap2l1	ENSG00000006453	ENSMUSG00000038859	Baiap2l1
Bambi	ENSG00000095739	ENSMUSG00000024232	Bambi
Banf1	ENSG00000175334	ENSMUSG00000024844	Banf1
Bard1	ENSG00000138376	ENSMUSG00000026196	Bard1
Basp1	ENSG00000176788	ENSMUSG00000045763	Basp1
Baz1a	ENSG00000198604	ENSMUSG00000035021	Baz1a
Bbof1	ENSG00000119636	ENSMUSG00000057265	Bbof1
Bbs9	ENSG00000122507	ENSMUSG00000035919	Bbs9
Bbx	ENSG00000114439	ENSMUSG00000022641	Bbx
BC005537	ENSG00000112308	ENSMUSG00000019132	BC005537
BC006965	NA	ENSMUSG00000041674	BC006965
BC028528	ENSG00000118292	ENSMUSG00000038543	BC028528
BC031181	ENSG00000177576	ENSMUSG00000036299	BC031181
BC039771	ENSG00000132669	ENSMUSG00000001768	BC039771
Bcap29	ENSG00000075790	ENSMUSG00000020650	Bcap29
Bcap31	ENSG00000185825	ENSMUSG00000002015	Bcap31
Bcar3	ENSG00000137936	ENSMUSG00000028121	Bcar3
Bcas2	ENSG00000116752	ENSMUSG00000005687	Bcas2
Bcas3	ENSG00000141376	ENSMUSG00000059439	Bcas3
Bcat1	ENSG00000060982	ENSMUSG00000030268	Bcat1
Bccip	ENSG00000107949	ENSMUSG00000030983	Bccip
Bcl11a	ENSG00000119866	ENSMUSG00000000861	Bcl11a
Bcl11b	ENSG00000127152	ENSMUSG00000048251	Bcl11b
Bcl2	ENSG00000171791	ENSMUSG00000057329	Bcl2
Bcl2l11	ENSG00000153094	ENSMUSG00000027381	Bcl2l11
Bcl7c	ENSG00000099385	ENSMUSG00000030814	Bcl7c
Bclaf1	ENSG00000029363	ENSMUSG00000037608	Bclaf1
Bcor	ENSG00000183337	ENSMUSG00000040363	Bcor
Bdnf	ENSG00000176697	ENSMUSG00000048482	Bdnf
Bend4	ENSG00000188848	ENSMUSG00000092060	Bend4
Bet1	NA	ENSMUSG00000032757	Bet1
Bex2	ENSG00000133134	ENSMUSG00000042750	Bex2
Bicc1	ENSG00000122870	ENSMUSG00000014329	Bicc1
Bicd1	ENSG00000151746	ENSMUSG00000003452	Bicd1
Blm	ENSG00000197299	ENSMUSG00000030528	Blm
Blvrb	ENSG00000090013	ENSMUSG00000040466	Blvrb
Bmp2	ENSG00000125845	ENSMUSG00000027358	Bmp2
Bmp4	ENSG00000125378	ENSMUSG00000021835	Bmp4
Bmp5	ENSG00000112175	ENSMUSG00000032179	Bmp5
Bmp6	ENSG00000153162	ENSMUSG00000039004	Bmp6
Bmp7	ENSG00000101144	ENSMUSG00000008999	Bmp7
Bmper	ENSG00000164619	ENSMUSG00000031963	Bmper
Bmpr1b	ENSG00000138696	ENSMUSG00000052430	Bmpr1b
Bms1	ENSG00000165733	ENSMUSG00000030138	Bms1
Bnc1	ENSG00000169594	ENSMUSG00000025105	Bnc1
Bnc2	ENSG00000173068	ENSMUSG00000028487	Bnc2
Bnip2	ENSG00000140299	ENSMUSG00000011958	Bnip2
Boc	ENSG00000144857	ENSMUSG00000022687	Boc
Bod1	ENSG00000145919	ENSMUSG00000044502	Bod1
Bola2	ENSG00000169627	ENSMUSG00000047721	Bola2
Bola3	ENSG00000163170	ENSMUSG00000045160	Bola3
Bora	ENSG00000136122	ENSMUSG00000022070	Bora
Borcs8	ENSG00000254901	ENSMUSG00000002345	Borcs8
Brca1	ENSG00000012048	ENSMUSG00000017146	Brca1
Brca2	ENSG00000139618	ENSMUSG00000041147	Brca2
Bri3	ENSG00000164713	ENSMUSG00000047843	Bri3
Bri3bp	ENSG00000184992	ENSMUSG00000037905	Bri3bp
Brinp1	ENSG00000078725	ENSMUSG00000028351	Brinp1
Brinp3	ENSG00000162670	ENSMUSG00000035131	Brinp3
Brip1	ENSG00000136492	ENSMUSG00000034329	Brip1
Brip1os	NA	ENSMUSG00000085208	Brip1os
Brpf1	ENSG00000156983	ENSMUSG00000001632	Brpf1
Brwd3	ENSG00000165288	ENSMUSG00000063663	Brwd3
Bsg	ENSG00000172270	ENSMUSG00000023175	Bsg
Btbd1	ENSG00000064726	ENSMUSG00000025103	Btbd1
Btbd10	ENSG00000148925	ENSMUSG00000038187	Btbd10
Btbd2	ENSG00000133243	ENSMUSG00000003344	Btbd2
Btbd3	ENSG00000132640	ENSMUSG00000062098	Btbd3
Btf3	ENSG00000145741	ENSMUSG00000021660	Btf3
Bub1	ENSG00000169679	ENSMUSG00000027379	Bub1
Bub1b	ENSG00000156970	ENSMUSG00000040084	Bub1b
Bub3	ENSG00000154473	ENSMUSG00000066979	Bub3
Bud31	ENSG00000106245	ENSMUSG00000038722	Bud31
Bves	ENSG00000112276	ENSMUSG00000071317	Bves
Bzw1	ENSG00000082153	ENSMUSG00000051223	Bzw1
Bzw2	ENSG00000136261	ENSMUSG00000020547	Bzw2
C1d	ENSG00000197223	ENSMUSG00000000581	C1d
C1galt1	ENSG00000106392	ENSMUSG00000042460	C1galt1
C1qbp	ENSG00000108561	ENSMUSG00000018446	C1qbp
C1qtnf7	ENSG00000163145	ENSMUSG00000061535	C1qtnf7
C2cd5	ENSG00000111731	ENSMUSG00000030279	C2cd5
C630043F03Rik	NA	ENSMUSG00000084910	C630043F03Rik
C920021L13Rik	NA	ENSMUSG00000080727	C920021L13Rik
Cab39l	ENSG00000102547	ENSMUSG00000021981	Cab39l
Cables1	ENSG00000134508	ENSMUSG00000040957	Cables1
Cacfd1	ENSG00000160325	ENSMUSG00000015488	Cacfd1
Cachd1	ENSG00000158966	ENSMUSG00000028532	Cachd1
Cacna1a	ENSG00000141837	ENSMUSG00000034656	Cacna1a
Cacna1c	ENSG00000151067	ENSMUSG00000051331	Cacna1c
Cacna1d	ENSG00000157388	ENSMUSG00000015968	Cacna1d
Cacna1e	ENSG00000198216	ENSMUSG00000004110	Cacna1e
Cacna1g	ENSG00000006283	ENSMUSG00000020866	Cacna1g
Cacna2d1	ENSG00000153956	ENSMUSG00000040118	Cacna2d1
Cacna2d3	ENSG00000157445	ENSMUSG00000021991	Cacna2d3
Cacnb2	ENSG00000165995	ENSMUSG00000057914	Cacnb2
Cacnb4	ENSG00000182389	ENSMUSG00000017412	Cacnb4
Cacng4	ENSG00000075461	ENSMUSG00000020723	Cacng4
Cacng8	ENSG00000142408	ENSMUSG00000053395	Cacng8
Cacybp	NA	ENSMUSG00000014226	Cacybp
Cadm1	ENSG00000182985	ENSMUSG00000032076	Cadm1
Cadm2	ENSG00000175161	ENSMUSG00000064115	Cadm2
Cadps	NA	ENSMUSG00000054423	Cadps
Cadps2	ENSG00000081803	ENSMUSG00000017978	Cadps2
Calcrl	ENSG00000064989	ENSMUSG00000059588	Calcrl
Cald1	ENSG00000122786	ENSMUSG00000029761	Cald1
Calm1	ENSG00000198668	ENSMUSG00000001175	Calm1
Calm2	ENSG00000143933	ENSMUSG00000036438	Calm2
Caln1	ENSG00000183166	ENSMUSG00000060371	Caln1
Calr	ENSG00000179218	ENSMUSG00000003814	Calr
Calu	ENSG00000128595	ENSMUSG00000029767	Calu
Camk1d	ENSG00000183049	ENSMUSG00000039145	Camk1d
Camk2d	NA	ENSMUSG00000053819	Camk2d
Camk4	ENSG00000152495	ENSMUSG00000038128	Camk4
Camkmt	ENSG00000143919	ENSMUSG00000071037	Camkmt
Cand1	ENSG00000111530	ENSMUSG00000020114	Cand1
Canx	ENSG00000127022	ENSMUSG00000020368	Canx
Cap2	ENSG00000112186	ENSMUSG00000021373	Cap2
Capn6	ENSG00000077274	ENSMUSG00000067276	Capn6
Caprin2	ENSG00000110888	ENSMUSG00000030309	Caprin2
Car10	ENSG00000154975	ENSMUSG00000056158	Car10
Car12	ENSG00000074410	ENSMUSG00000032373	Car12
Car14	ENSG00000118298	ENSMUSG00000038526	Car14
Car2	ENSG00000104267	ENSMUSG00000027562	Car2
Car8	ENSG00000178538	ENSMUSG00000041261	Car8
Casd1	ENSG00000127995	ENSMUSG00000015189	Casd1
Cask	ENSG00000147044	ENSMUSG00000031012	Cask
Casp2	ENSG00000106144	ENSMUSG00000029863	Casp2
Casp8ap2	ENSG00000118412	ENSMUSG00000028282	Casp8ap2
Casz1	NA	ENSMUSG00000028977	Casz1
Catsper2	ENSG00000166762	ENSMUSG00000033486	Catsper2
Cblb	ENSG00000114423	ENSMUSG00000022637	Cblb
Cbx5	ENSG00000094916	ENSMUSG00000009575	Cbx5
Cc2d2a	ENSG00000048342	ENSMUSG00000039765	Cc2d2a
Ccar2	ENSG00000158941	ENSMUSG00000033712	Ccar2
Ccbe1	ENSG00000183287	ENSMUSG00000046318	Ccbe1
Ccdc112	ENSG00000164221	ENSMUSG00000071855	Ccdc112
Ccdc137	ENSG00000185298	ENSMUSG00000049957	Ccdc137
Ccdc138	ENSG00000163006	ENSMUSG00000038010	Ccdc138
Ccdc141	ENSG00000163492	ENSMUSG00000044033	Ccdc141
Ccdc148	ENSG00000153237	ENSMUSG00000036641	Ccdc148
Ccdc163	NA	ENSMUSG00000028689	Ccdc163
Ccdc171	ENSG00000164989	ENSMUSG00000052407	Ccdc171
Ccdc18	ENSG00000122483	ENSMUSG00000056531	Ccdc18
Ccdc191	ENSG00000163617	ENSMUSG00000022701	Ccdc191
Ccdc34	ENSG00000109881	ENSMUSG00000027160	Ccdc34
Ccdc43	ENSG00000180329	ENSMUSG00000020925	Ccdc43
Ccdc59	ENSG00000133773	ENSMUSG00000019897	Ccdc59
Ccdc73	ENSG00000186714	ENSMUSG00000045106	Ccdc73
Ccdc77	ENSG00000120647	ENSMUSG00000030177	Ccdc77
Ccdc80	ENSG00000091986	ENSMUSG00000022665	Ccdc80
Ccdc85a	ENSG00000055813	ENSMUSG00000032878	Ccdc85a
Ccdc88a	ENSG00000115355	ENSMUSG00000032740	Ccdc88a
Ccdc88c	ENSG00000015133	ENSMUSG00000021182	Ccdc88c
Ccna2	ENSG00000145386	ENSMUSG00000027715	Ccna2
Ccnb1	ENSG00000134057	ENSMUSG00000041431	Ccnb1
Ccnd1	ENSG00000110092	ENSMUSG00000070348	Ccnd1
Ccnd2	ENSG00000118971	ENSMUSG00000000184	Ccnd2
Ccne1	ENSG00000105173	ENSMUSG00000002068	Ccne1
Ccne2	ENSG00000175305	ENSMUSG00000028212	Ccne2
Ccnf	ENSG00000162063	ENSMUSG00000072082	Ccnf
Ccng2	ENSG00000138764	ENSMUSG00000029385	Ccng2
Ccnjl	ENSG00000135083	ENSMUSG00000044707	Ccnjl
Ccnl1	ENSG00000163660	ENSMUSG00000027829	Ccnl1
Ccnl2	ENSG00000221978	ENSMUSG00000029068	Ccnl2
Ccnyl1	ENSG00000163249	ENSMUSG00000070871	Ccnyl1
Ccser1	ENSG00000184305	ENSMUSG00000039578	Ccser1
Cct2	ENSG00000166226	ENSMUSG00000034024	Cct2
Cct3	ENSG00000163468	ENSMUSG00000001416	Cct3
Cct4	ENSG00000115484	ENSMUSG00000007739	Cct4
Cct5	ENSG00000150753	ENSMUSG00000022234	Cct5
Cct6a	ENSG00000146731	ENSMUSG00000029447	Cct6a
Cct7	ENSG00000135624	ENSMUSG00000030007	Cct7
Cct8	ENSG00000156261	ENSMUSG00000025613	Cct8
Cd109	ENSG00000156535	ENSMUSG00000046186	Cd109
Cd164	ENSG00000135535	ENSMUSG00000019818	Cd164
Cd24a	ENSG00000272398	ENSMUSG00000047139	Cd24a
Cd302	ENSG00000241399	ENSMUSG00000060703	Cd302
Cd320	ENSG00000167775	ENSMUSG00000002308	Cd320
Cd44	ENSG00000026508	ENSMUSG00000005087	Cd44
Cd46	ENSG00000117335	ENSMUSG00000016493	Cd46
Cd47	ENSG00000196776	ENSMUSG00000055447	Cd47
Cd52	ENSG00000169442	ENSMUSG00000000682	Cd52
Cd63	ENSG00000135404	ENSMUSG00000025351	Cd63
Cd81	ENSG00000110651	ENSMUSG00000037706	Cd81
Cdan1	ENSG00000140326	ENSMUSG00000027284	Cdan1
Cdc14a	ENSG00000079335	ENSMUSG00000033502	Cdc14a
Cdc14b	ENSG00000081377	ENSMUSG00000033102	Cdc14b
Cdc20	ENSG00000117399	ENSMUSG00000006398	Cdc20
Cdc25a	ENSG00000164045	ENSMUSG00000032477	Cdc25a
Cdc25c	ENSG00000158402	ENSMUSG00000044201	Cdc25c
Cdc42ep3	ENSG00000163171	ENSMUSG00000036533	Cdc42ep3
Cdc42se2	ENSG00000158985	ENSMUSG00000052298	Cdc42se2
Cdc45	ENSG00000093009	ENSMUSG00000000028	Cdc45
Cdc6	ENSG00000094804	ENSMUSG00000017499	Cdc6
Cdc7	ENSG00000097046	ENSMUSG00000029283	Cdc7
Cdca2	ENSG00000184661	ENSMUSG00000048922	Cdca2
Cdca3	ENSG00000111665	ENSMUSG00000023505	Cdca3
Cdca4	ENSG00000170779	ENSMUSG00000047832	Cdca4
Cdca7	ENSG00000144354	ENSMUSG00000055612	Cdca7
Cdca7l	ENSG00000164649	ENSMUSG00000021175	Cdca7l
Cdca8	ENSG00000134690	ENSMUSG00000028873	Cdca8
Cdh10	ENSG00000040731	ENSMUSG00000022321	Cdh10
Cdh11	ENSG00000140937	ENSMUSG00000031673	Cdh11
Cdh12	ENSG00000154162	ENSMUSG00000040452	Cdh12
Cdh13	ENSG00000140945	ENSMUSG00000031841	Cdh13
Cdh18	ENSG00000145526	ENSMUSG00000040420	Cdh18
Cdh19	ENSG00000071991	ENSMUSG00000047216	Cdh19
Cdh2	ENSG00000170558	ENSMUSG00000024304	Cdh2
Cdh20	ENSG00000101542	ENSMUSG00000050840	Cdh20
Cdh3	ENSG00000062038	ENSMUSG00000061048	Cdh3
Cdh4	ENSG00000179242	ENSMUSG00000000305	Cdh4
Cdh6	ENSG00000113361	ENSMUSG00000039385	Cdh6
Cdh8	ENSG00000150394	ENSMUSG00000036510	Cdh8
Cdhr1	ENSG00000148600	ENSMUSG00000021803	Cdhr1
Cdk1	ENSG00000170312	ENSMUSG00000019942	Cdk1
Cdk14	ENSG00000058091	ENSMUSG00000028926	Cdk14
Cdk17	ENSG00000059758	ENSMUSG00000020015	Cdk17
Cdk19	ENSG00000155111	ENSMUSG00000038481	Cdk19
Cdk2	ENSG00000123374	ENSMUSG00000025358	Cdk2
Cdk2ap1	ENSG00000111328	ENSMUSG00000029394	Cdk2ap1
Cdk4	ENSG00000135446	ENSMUSG00000006728	Cdk4
Cdk6	ENSG00000105810	ENSMUSG00000040274	Cdk6
Cdk8	ENSG00000132964	ENSMUSG00000029635	Cdk8
Cdk9	ENSG00000136807	ENSMUSG00000009555	Cdk9
Cdkl2	ENSG00000138769	ENSMUSG00000029403	Cdkl2
Cdkl3	ENSG00000006837	ENSMUSG00000020389	Cdkl3
Cdkl5	ENSG00000008086	ENSMUSG00000031292	Cdkl5
Cdkn1c	ENSG00000129757	ENSMUSG00000037664	Cdkn1c
Cdkn3	ENSG00000100526	ENSMUSG00000037628	Cdkn3
Cdo1	ENSG00000129596	ENSMUSG00000033022	Cdo1
Cdon	ENSG00000064309	ENSMUSG00000038119	Cdon
Cdr2	ENSG00000140743	ENSMUSG00000030878	Cdr2
Cdv3	ENSG00000091527	ENSMUSG00000032803	Cdv3
Cdyl2	ENSG00000166446	ENSMUSG00000031758	Cdyl2
Cebpz	ENSG00000115816	ENSMUSG00000024081	Cebpz
Cecr2	ENSG00000099954	ENSMUSG00000071226	Cecr2
Celf2	ENSG00000048740	ENSMUSG00000002107	Celf2
Celf4	ENSG00000101489	ENSMUSG00000024268	Celf4
Celsr1	ENSG00000075275	ENSMUSG00000016028	Celsr1
Cenpa	ENSG00000115163	ENSMUSG00000029177	Cenpa
Cenpc1	ENSG00000145241	ENSMUSG00000029253	Cenpc1
Cenpe	ENSG00000138778	ENSMUSG00000045328	Cenpe
Cenpf	ENSG00000117724	ENSMUSG00000026605	Cenpf
Cenph	ENSG00000153044	ENSMUSG00000045273	Cenph
Cenpj	ENSG00000151849	ENSMUSG00000064128	Cenpj
Cenpk	ENSG00000123219	ENSMUSG00000021714	Cenpk
Cenpp	ENSG00000188312	ENSMUSG00000021391	Cenpp
Cenpq	ENSG00000031691	ENSMUSG00000023919	Cenpq
Cenpv	ENSG00000166582	ENSMUSG00000018509	Cenpv
Cenpw	ENSG00000203760	ENSMUSG00000075266	Cenpw
Cep112	ENSG00000154240	ENSMUSG00000020728	Cep112
Cep126	ENSG00000110318	ENSMUSG00000040729	Cep126
Cep128	ENSG00000100629	ENSMUSG00000061533	Cep128
Cep131	ENSG00000141577	ENSMUSG00000039781	Cep131
Cep162	ENSG00000135315	ENSMUSG00000056919	Cep162
Cep290	ENSG00000198707	ENSMUSG00000019971	Cep290
Cep295	ENSG00000166004	ENSMUSG00000046111	Cep295
Cep41	ENSG00000106477	ENSMUSG00000029790	Cep41
Cep44	ENSG00000164118	ENSMUSG00000038215	Cep44
Cep55	ENSG00000138180	ENSMUSG00000024989	Cep55
Cep57l1	ENSG00000183137	ENSMUSG00000019813	Cep57l1
Cep70	ENSG00000114107	ENSMUSG00000056267	Cep70
Cep72	ENSG00000112877	ENSMUSG00000021572	Cep72
Cep76	ENSG00000101624	ENSMUSG00000073542	Cep76
Cep95	ENSG00000258890	ENSMUSG00000018372	Cep95
Cept1	ENSG00000134255	ENSMUSG00000040774	Cept1
Cers2	ENSG00000143418	ENSMUSG00000015714	Cers2
Cers6	ENSG00000172292	ENSMUSG00000027035	Cers6
Cetn3	ENSG00000153140	ENSMUSG00000021537	Cetn3
Cfap74	ENSG00000142609	ENSMUSG00000078490	Cfap74
Cfap77	ENSG00000188523	ENSMUSG00000079502	Cfap77
Cfap97	ENSG00000164323	ENSMUSG00000031631	Cfap97
Cfl1	ENSG00000172757	ENSMUSG00000056201	Cfl1
Cflar	ENSG00000003402	ENSMUSG00000026031	Cflar
Cgnl1	ENSG00000128849	ENSMUSG00000032232	Cgnl1
Chaf1b	ENSG00000159259	ENSMUSG00000022945	Chaf1b
Champ1	ENSG00000198824	ENSMUSG00000047710	Champ1
Chchd1	ENSG00000172586	ENSMUSG00000063787	Chchd1
Chchd7	ENSG00000170791	ENSMUSG00000042198	Chchd7
Chd2	ENSG00000173575	ENSMUSG00000078671	Chd2
Chd3	ENSG00000170004	ENSMUSG00000018474	Chd3
Chd7	ENSG00000171316	ENSMUSG00000041235	Chd7
Chek1	ENSG00000149554	ENSMUSG00000032113	Chek1
Chic1	ENSG00000204116	ENSMUSG00000031327	Chic1
Chl1	ENSG00000134121	ENSMUSG00000030077	Chl1
Chmp7	ENSG00000147457	ENSMUSG00000034190	Chmp7
Chn1	ENSG00000128656	ENSMUSG00000056486	Chn1
Chn2	ENSG00000106069	ENSMUSG00000004633	Chn2
Chpt1	ENSG00000111666	ENSMUSG00000060002	Chpt1
Chrac1	ENSG00000104472	ENSMUSG00000068391	Chrac1
Chrdl1	ENSG00000101938	ENSMUSG00000031283	Chrdl1
Chrm2	ENSG00000181072	ENSMUSG00000045613	Chrm2
Chrm3	ENSG00000133019	ENSMUSG00000046159	Chrm3
Chrna7	ENSG00000166664	ENSMUSG00000030525	Chrna7
Chst11	ENSG00000171310	ENSMUSG00000034612	Chst11
Chst8	ENSG00000124302	ENSMUSG00000060402	Chst8
Chst9	ENSG00000154080	ENSMUSG00000047161	Chst9
Chsy3	ENSG00000198108	ENSMUSG00000058152	Chsy3
Ciapin1	ENSG00000005194	ENSMUSG00000031781	Ciapin1
Cisd1	ENSG00000122873	ENSMUSG00000037710	Cisd1
Cit	ENSG00000122966	ENSMUSG00000029516	Cit
Ckap2	ENSG00000136108	ENSMUSG00000037725	Ckap2
Ckap2l	ENSG00000169607	ENSMUSG00000048327	Ckap2l
Ckap5	ENSG00000175216	ENSMUSG00000040549	Ckap5
Cks1b	ENSG00000173207	ENSMUSG00000028044	Cks1b
Cks2	ENSG00000123975	ENSMUSG00000062248	Cks2
Clca4b	ENSG00000016602	ENSMUSG00000074195	Clca4b
Clcn1	ENSG00000188037	ENSMUSG00000029862	Clcn1
Clcn3	ENSG00000109572	ENSMUSG00000004319	Clcn3
Clcn4	ENSG00000073464	ENSMUSG00000000605	Clcn4
Clcn5	ENSG00000171365	ENSMUSG00000004317	Clcn5
Cldn34c1	ENSG00000234469	ENSMUSG00000079450	Cldn34c1
Clic4	ENSG00000169504	ENSMUSG00000037242	Clic4
Clip4	ENSG00000115295	ENSMUSG00000024059	Clip4
Clk1	ENSG00000013441	ENSMUSG00000026034	Clk1
Clk3	ENSG00000179335	ENSMUSG00000032316	Clk3
Clk4	ENSG00000113240	ENSMUSG00000020385	Clk4
Clmn	ENSG00000165959	ENSMUSG00000021097	Clmn
Clmp	ENSG00000166250	ENSMUSG00000032024	Clmp
Clnk	ENSG00000109684	ENSMUSG00000039315	Clnk
Clptm1l	ENSG00000049656	ENSMUSG00000021610	Clptm1l
Clspn	ENSG00000092853	ENSMUSG00000042489	Clspn
Clstn2	ENSG00000158258	ENSMUSG00000032452	Clstn2
Cluh	ENSG00000132361	ENSMUSG00000020741	Cluh
Clybl	ENSG00000125246	ENSMUSG00000025545	Clybl
Cmip	ENSG00000153815	ENSMUSG00000034390	Cmip
Cmpk1	ENSG00000162368	ENSMUSG00000028719	Cmpk1
Cmss1	ENSG00000184220	ENSMUSG00000022748	Cmss1
Cnbd2	ENSG00000149646	ENSMUSG00000038085	Cnbd2
Cnbp	ENSG00000169714	ENSMUSG00000030057	Cnbp
Cnih1	ENSG00000100528	ENSMUSG00000015759	Cnih1
Cnih4	ENSG00000143771	ENSMUSG00000062169	Cnih4
Cnksr2	ENSG00000149970	ENSMUSG00000025658	Cnksr2
Cnnm2	ENSG00000148842	ENSMUSG00000064105	Cnnm2
Cnot6	ENSG00000113300	ENSMUSG00000020362	Cnot6
Cnot7	ENSG00000198791	ENSMUSG00000031601	Cnot7
Cnot8	ENSG00000155508	ENSMUSG00000020515	Cnot8
Cnppd1	ENSG00000115649	ENSMUSG00000033159	Cnppd1
Cnpy2	ENSG00000257727	ENSMUSG00000025381	Cnpy2
Cnpy3	ENSG00000137161	ENSMUSG00000023973	Cnpy3
Cnr1	ENSG00000118432	ENSMUSG00000044288	Cnr1
Cnrip1	ENSG00000119865	ENSMUSG00000044629	Cnrip1
Cntfr	ENSG00000122756	ENSMUSG00000028444	Cntfr
Cntln	ENSG00000044459	ENSMUSG00000038070	Cntln
Cntn1	ENSG00000018236	ENSMUSG00000055022	Cntn1
Cntn3	ENSG00000113805	ENSMUSG00000030075	Cntn3
Cntn4	ENSG00000144619	ENSMUSG00000064293	Cntn4
Cntn5	ENSG00000149972	ENSMUSG00000039488	Cntn5
Cntn6	ENSG00000134115	ENSMUSG00000030092	Cntn6
Cntnap2	ENSG00000174469	ENSMUSG00000039419	Cntnap2
Cntnap3	ENSG00000106714	ENSMUSG00000033063	Cntnap3
Cntnap4	ENSG00000152910	ENSMUSG00000031772	Cntnap4
Cntnap5b	NA	ENSMUSG00000067028	Cntnap5b
Coa3	ENSG00000183978	ENSMUSG00000017188	Coa3
Cobl	ENSG00000106078	ENSMUSG00000020173	Cobl
Cobll1	ENSG00000082438	ENSMUSG00000034903	Cobll1
Cog4	ENSG00000103051	ENSMUSG00000031753	Cog4
Col11a1	ENSG00000060718	ENSMUSG00000027966	Col11a1
Col12a1	ENSG00000111799	ENSMUSG00000032332	Col12a1
Col13a1	ENSG00000197467	ENSMUSG00000058806	Col13a1
Col14a1	ENSG00000187955	ENSMUSG00000022371	Col14a1
Col16a1	ENSG00000084636	ENSMUSG00000040690	Col16a1
Col18a1	ENSG00000182871	ENSMUSG00000001435	Col18a1
Col19a1	ENSG00000082293	ENSMUSG00000026141	Col19a1
Col1a1	ENSG00000108821	ENSMUSG00000001506	Col1a1
Col1a2	ENSG00000164692	ENSMUSG00000029661	Col1a2
Col23a1	ENSG00000050767	ENSMUSG00000063564	Col23a1
Col24a1	NA	ENSMUSG00000028197	Col24a1
Col25a1	ENSG00000188517	ENSMUSG00000058897	Col25a1
Col26a1	ENSG00000160963	ENSMUSG00000004415	Col26a1
Col27a1	ENSG00000196739	ENSMUSG00000045672	Col27a1
Col2a1	ENSG00000139219	ENSMUSG00000022483	Col2a1
Col3a1	ENSG00000168542	ENSMUSG00000026043	Col3a1
Col4a1	ENSG00000187498	ENSMUSG00000031502	Col4a1
Col4a2	ENSG00000134871	ENSMUSG00000031503	Col4a2
Col4a5	ENSG00000188153	ENSMUSG00000031274	Col4a5
Col4a6	ENSG00000197565	ENSMUSG00000031273	Col4a6
Col5a1	ENSG00000130635	ENSMUSG00000026837	Col5a1
Col5a2	ENSG00000204262	ENSMUSG00000026042	Col5a2
Col6a1	ENSG00000142156	ENSMUSG00000001119	Col6a1
Col6a2	ENSG00000142173	ENSMUSG00000020241	Col6a2
Col6a3	ENSG00000163359	ENSMUSG00000048126	Col6a3
Col8a1	ENSG00000144810	ENSMUSG00000068196	Col8a1
Col8a2	ENSG00000171812	ENSMUSG00000056174	Col8a2
Col9a1	ENSG00000112280	ENSMUSG00000026147	Col9a1
Col9a2	ENSG00000049089	ENSMUSG00000028626	Col9a2
Col9a3	NA	ENSMUSG00000027570	Col9a3
Colec12	ENSG00000158270	ENSMUSG00000036103	Colec12
Colgalt1	ENSG00000130309	ENSMUSG00000034807	Colgalt1
Colgalt2	ENSG00000198756	ENSMUSG00000032649	Colgalt2
Commd3	ENSG00000148444	ENSMUSG00000051154	Commd3
Comt	ENSG00000093010	ENSMUSG00000000326	Comt
Copb2	ENSG00000184432	ENSMUSG00000032458	Copb2
Copg2	ENSG00000158623	ENSMUSG00000025607	Copg2
Coq2	ENSG00000173085	ENSMUSG00000029319	Coq2
Coq5	ENSG00000110871	ENSMUSG00000041733	Coq5
Coq7	ENSG00000167186	ENSMUSG00000030652	Coq7
Corin	ENSG00000145244	ENSMUSG00000005220	Corin
Cox10	ENSG00000006695	ENSMUSG00000042148	Cox10
Cox20	ENSG00000203667	ENSMUSG00000026500	Cox20
Cox5a	ENSG00000178741	ENSMUSG00000000088	Cox5a
Cox5b	ENSG00000135940	ENSMUSG00000061518	Cox5b
Cox6a1	ENSG00000111775	ENSMUSG00000041697	Cox6a1
Cox6b1	ENSG00000126267	ENSMUSG00000036751	Cox6b1
Cox6c	ENSG00000164919	ENSMUSG00000014313	Cox6c
Cox7a2	ENSG00000112695	ENSMUSG00000032330	Cox7a2
Cox7b	ENSG00000131174	ENSMUSG00000031231	Cox7b
Cox7c	ENSG00000127184	ENSMUSG00000017778	Cox7c
Cox8a	ENSG00000176340	ENSMUSG00000035885	Cox8a
Cpa2	ENSG00000158516	ENSMUSG00000071553	Cpa2
Cpa6	ENSG00000165078	ENSMUSG00000042501	Cpa6
Cpe	ENSG00000109472	ENSMUSG00000037852	Cpe
Cpeb2	ENSG00000137449	ENSMUSG00000039782	Cpeb2
Cpeb3	ENSG00000107864	ENSMUSG00000039652	Cpeb3
Cpeb4	ENSG00000113742	ENSMUSG00000020300	Cpeb4
Cped1	ENSG00000106034	ENSMUSG00000062980	Cped1
Cpm	ENSG00000135678	ENSMUSG00000020183	Cpm
Cpne4	ENSG00000196353	ENSMUSG00000032564	Cpne4
Cpne5	ENSG00000124772	ENSMUSG00000024008	Cpne5
Cpne8	ENSG00000139117	ENSMUSG00000052560	Cpne8
Cpox	ENSG00000080819	ENSMUSG00000022742	Cpox
Cpq	ENSG00000104324	ENSMUSG00000039007	Cpq
Cpsf2	ENSG00000165934	ENSMUSG00000041781	Cpsf2
Cpsf6	ENSG00000111605	ENSMUSG00000055531	Cpsf6
Cpsf7	ENSG00000149532	ENSMUSG00000034820	Cpsf7
Crabp1	ENSG00000166426	ENSMUSG00000032291	Crabp1
Crabp2	ENSG00000143320	ENSMUSG00000004885	Crabp2
Cradd	ENSG00000169372	ENSMUSG00000045867	Cradd
Crebrf	ENSG00000164463	ENSMUSG00000048249	Crebrf
Crebzf	ENSG00000137504	ENSMUSG00000051451	Crebzf
Creg1	ENSG00000143162	ENSMUSG00000040713	Creg1
Creld2	ENSG00000184164	ENSMUSG00000023272	Creld2
Crim1	ENSG00000150938	ENSMUSG00000024074	Crim1
Crispld1	ENSG00000121005	ENSMUSG00000025776	Crispld1
Crkl	ENSG00000099942	ENSMUSG00000006134	Crkl
Crlf1	ENSG00000006016	ENSMUSG00000007888	Crlf1
Crls1	ENSG00000088766	ENSMUSG00000027357	Crls1
Crmp1	ENSG00000072832	ENSMUSG00000029121	Crmp1
Crnde	NA	ENSMUSG00000031736	Crnde
Crtap	ENSG00000170275	ENSMUSG00000032431	Crtap
Cryl1	ENSG00000165475	ENSMUSG00000021947	Cryl1
Crym	ENSG00000103316	ENSMUSG00000030905	Crym
Cs	ENSG00000062485	ENSMUSG00000005683	Cs
Csgalnact1	ENSG00000147408	ENSMUSG00000036356	Csgalnact1
Csmd1	ENSG00000183117	ENSMUSG00000060924	Csmd1
Csmd2	ENSG00000121904	ENSMUSG00000028804	Csmd2
Csmd3	ENSG00000164796	ENSMUSG00000022311	Csmd3
Cspg4	ENSG00000173546	ENSMUSG00000032911	Cspg4
Csrnp3	ENSG00000178662	ENSMUSG00000044647	Csrnp3
Csrp2	ENSG00000175183	ENSMUSG00000020186	Csrp2
Cst3	ENSG00000101439	ENSMUSG00000027447	Cst3
Cstb	ENSG00000160213	ENSMUSG00000005054	Cstb
Cstf2	ENSG00000101811	ENSMUSG00000031256	Cstf2
Ctdnep1	ENSG00000175826	ENSMUSG00000018559	Ctdnep1
Ctdspl	ENSG00000144677	ENSMUSG00000047409	Ctdspl
Cthrc1	ENSG00000164932	ENSMUSG00000054196	Cthrc1
Ctnna2	ENSG00000066032	ENSMUSG00000063063	Ctnna2
Ctnna3	ENSG00000183230	ENSMUSG00000060843	Ctnna3
Ctnnal1	ENSG00000119326	ENSMUSG00000038816	Ctnnal1
Ctnnb1	ENSG00000168036	ENSMUSG00000006932	Ctnnb1
Ctnnd2	ENSG00000169862	ENSMUSG00000022240	Ctnnd2
Ctps2	ENSG00000047230	ENSMUSG00000031360	Ctps2
Ctsa	ENSG00000064601	ENSMUSG00000017760	Ctsa
Ctsb	ENSG00000164733	ENSMUSG00000021939	Ctsb
Ctsc	ENSG00000109861	ENSMUSG00000030560	Ctsc
Ctsl	NA	ENSMUSG00000021477	Ctsl
Ctso	ENSG00000256043	ENSMUSG00000028015	Ctso
Cttnbp2	ENSG00000077063	ENSMUSG00000000416	Cttnbp2
Cul4b	ENSG00000158290	ENSMUSG00000031095	Cul4b
Cul5	ENSG00000166266	ENSMUSG00000032030	Cul5
Cx3cr1	ENSG00000168329	ENSMUSG00000052336	Cx3cr1
Cxadr	NA	ENSMUSG00000022865	Cxadr
Cxcl12	ENSG00000107562	ENSMUSG00000061353	Cxcl12
Cxcl14	ENSG00000145824	ENSMUSG00000021508	Cxcl14
Cxxc4	ENSG00000168772	ENSMUSG00000044365	Cxxc4
Cyb5a	ENSG00000166347	ENSMUSG00000024646	Cyb5a
Cyb5r4	ENSG00000065615	ENSMUSG00000032872	Cyb5r4
Cyc1	ENSG00000179091	ENSMUSG00000022551	Cyc1
Cycs	ENSG00000172115	ENSMUSG00000063694	Cycs
Cyfip2	ENSG00000055163	ENSMUSG00000020340	Cyfip2
Cyld	ENSG00000083799	ENSMUSG00000036712	Cyld
Cyp26b1	ENSG00000003137	ENSMUSG00000063415	Cyp26b1
Cyp27a1	ENSG00000135929	ENSMUSG00000026170	Cyp27a1
Cyp51	ENSG00000001630	ENSMUSG00000001467	Cyp51
Cyp7b1	ENSG00000172817	ENSMUSG00000039519	Cyp7b1
Cyyr1	ENSG00000166265	ENSMUSG00000041134	Cyyr1
D030028A08Rik	NA	ENSMUSG00000078700	D030028A08Rik
D030056L22Rik	ENSG00000135045	ENSMUSG00000047044	D030056L22Rik
D030068K23Rik	NA	ENSMUSG00000097393	D030068K23Rik
D16Ertd472e	ENSG00000154642	ENSMUSG00000022864	D16Ertd472e
D3Ertd751e	ENSG00000151470	ENSMUSG00000025766	D3Ertd751e
D430041D05Rik	ENSG00000110427	ENSMUSG00000068373	D430041D05Rik
D6Wsu163e	ENSG00000047621	ENSMUSG00000030347	D6Wsu163e
D8Ertd738e	ENSG00000104979	ENSMUSG00000019362	D8Ertd738e
Daam1	ENSG00000100592	ENSMUSG00000034574	Daam1
Daam2	ENSG00000146122	ENSMUSG00000040260	Daam2
Dab1	ENSG00000173406	ENSMUSG00000028519	Dab1
Dab2	ENSG00000153071	ENSMUSG00000022150	Dab2
Dach1	ENSG00000276644	ENSMUSG00000055639	Dach1
Dach2	ENSG00000126733	ENSMUSG00000025592	Dach2
Dact1	ENSG00000165617	ENSMUSG00000044548	Dact1
Dact3	ENSG00000197380	ENSMUSG00000078794	Dact3
Dad1	ENSG00000129562	ENSMUSG00000022174	Dad1
Dag1	ENSG00000173402	ENSMUSG00000039952	Dag1
Dap	ENSG00000112977	ENSMUSG00000039168	Dap
Dapk1	ENSG00000196730	ENSMUSG00000021559	Dapk1
Dars2	ENSG00000117593	ENSMUSG00000026709	Dars2
Dbf4	ENSG00000006634	ENSMUSG00000002297	Dbf4
Dbi	ENSG00000155368	ENSMUSG00000026385	Dbi
Dbt	ENSG00000137992	ENSMUSG00000000340	Dbt
Dcaf12	ENSG00000198876	ENSMUSG00000028436	Dcaf12
Dcaf13	ENSG00000164934	ENSMUSG00000022300	Dcaf13
Dcaf17	ENSG00000115827	ENSMUSG00000041966	Dcaf17
Dcaf6	ENSG00000143164	ENSMUSG00000026571	Dcaf6
Dcbld1	ENSG00000164465	ENSMUSG00000019891	Dcbld1
Dcbld2	ENSG00000057019	ENSMUSG00000035107	Dcbld2
Dcc	ENSG00000187323	ENSMUSG00000060534	Dcc
Dchs2	ENSG00000197410	ENSMUSG00000102692	Dchs2
Dck	ENSG00000156136	ENSMUSG00000029366	Dck
Dclk1	ENSG00000133083	ENSMUSG00000027797	Dclk1
Dclk2	ENSG00000170390	ENSMUSG00000028078	Dclk2
Dclre1a	ENSG00000198924	ENSMUSG00000025077	Dclre1a
Dcn	ENSG00000011465	ENSMUSG00000019929	Dcn
Dcps	ENSG00000110063	ENSMUSG00000032040	Dcps
Dctd	ENSG00000129187	ENSMUSG00000031562	Dctd
Dctpp1	ENSG00000179958	ENSMUSG00000042462	Dctpp1
Dcun1d1	ENSG00000043093	ENSMUSG00000027708	Dcun1d1
Dcun1d5	ENSG00000137692	ENSMUSG00000032002	Dcun1d5
Dcx	ENSG00000077279	ENSMUSG00000031285	Dcx
Ddah1	ENSG00000153904	ENSMUSG00000028194	Ddah1
Ddb2	ENSG00000134574	ENSMUSG00000002109	Ddb2
Ddr2	ENSG00000162733	ENSMUSG00000026674	Ddr2
Ddx18	ENSG00000088205	ENSMUSG00000001674	Ddx18
Ddx20	ENSG00000064703	ENSMUSG00000027905	Ddx20
Ddx21	ENSG00000165732	ENSMUSG00000020075	Ddx21
Ddx3x	ENSG00000215301	ENSMUSG00000000787	Ddx3x
Ddx3y	ENSG00000067048	ENSMUSG00000069045	Ddx3y
Ddx41	ENSG00000183258	ENSMUSG00000021494	Ddx41
Ddx5	ENSG00000108654	ENSMUSG00000020719	Ddx5
Ddx52	ENSG00000278053	ENSMUSG00000020677	Ddx52
Degs1	ENSG00000143753	ENSMUSG00000038633	Degs1
Dek	ENSG00000124795	ENSMUSG00000021377	Dek
Dennd1a	ENSG00000119522	ENSMUSG00000035392	Dennd1a
Dennd1b	ENSG00000213047	ENSMUSG00000056268	Dennd1b
Dennd4a	ENSG00000174485	ENSMUSG00000053641	Dennd4a
Dennd5b	ENSG00000170456	ENSMUSG00000030313	Dennd5b
Dennd6b	ENSG00000205593	ENSMUSG00000015377	Dennd6b
Depdc1a	ENSG00000024526	ENSMUSG00000028175	Depdc1a
Deptor	ENSG00000155792	ENSMUSG00000022419	Deptor
Derl1	ENSG00000136986	ENSMUSG00000022365	Derl1
Desi2	ENSG00000121644	ENSMUSG00000026502	Desi2
Dgkb	ENSG00000136267	ENSMUSG00000036095	Dgkb
Dgkh	ENSG00000102780	ENSMUSG00000034731	Dgkh
Dgki	ENSG00000157680	ENSMUSG00000038665	Dgki
Dgkk	ENSG00000274588	ENSMUSG00000062393	Dgkk
Dhcr24	ENSG00000116133	ENSMUSG00000034926	Dhcr24
Dhfr	ENSG00000178700	ENSMUSG00000021707	Dhfr
Dhrs3	ENSG00000162496	ENSMUSG00000066026	Dhrs3
Dhrs7b	ENSG00000109016	ENSMUSG00000042569	Dhrs7b
Dhx16	ENSG00000204560	ENSMUSG00000024422	Dhx16
Dhx33	ENSG00000005100	ENSMUSG00000040620	Dhx33
Dhx36	ENSG00000174953	ENSMUSG00000027770	Dhx36
Dhx37	ENSG00000150990	ENSMUSG00000029480	Dhx37
Dhx40	ENSG00000108406	ENSMUSG00000018425	Dhx40
Diaph2	ENSG00000147202	ENSMUSG00000034480	Diaph2
Diaph3	ENSG00000139734	ENSMUSG00000022021	Diaph3
Dimt1	ENSG00000086189	ENSMUSG00000021692	Dimt1
Dip2c	ENSG00000151240	ENSMUSG00000048264	Dip2c
Dis3	ENSG00000083520	ENSMUSG00000033166	Dis3
Disc1	ENSG00000162946	ENSMUSG00000043051	Disc1
Disp1	ENSG00000154309	ENSMUSG00000030768	Disp1
Dkc1	ENSG00000130826	ENSMUSG00000031403	Dkc1
Dkk2	ENSG00000155011	ENSMUSG00000028031	Dkk2
Dlat	ENSG00000150768	ENSMUSG00000000168	Dlat
Dlc1	ENSG00000164741	ENSMUSG00000031523	Dlc1
Dld	ENSG00000091140	ENSMUSG00000020664	Dld
Dleu2	NA	ENSMUSG00000097589	Dleu2
Dlgap1	ENSG00000170579	ENSMUSG00000003279	Dlgap1
Dlgap2	ENSG00000198010	ENSMUSG00000047495	Dlgap2
Dlgap5	ENSG00000126787	ENSMUSG00000037544	Dlgap5
Dlk1	ENSG00000185559	ENSMUSG00000040856	Dlk1
Dlx1as	NA	ENSMUSG00000084946	Dlx1as
Dlx4os	NA	ENSMUSG00000086552	Dlx4os
Dlx6os1	NA	ENSMUSG00000090063	Dlx6os1
Dmc1	ENSG00000100206	ENSMUSG00000022429	Dmc1
Dmd	ENSG00000198947	ENSMUSG00000045103	Dmd
Dmtf1	ENSG00000135164	ENSMUSG00000042508	Dmtf1
Dmwd	ENSG00000185800	ENSMUSG00000030410	Dmwd
Dmxl2	ENSG00000104093	ENSMUSG00000041268	Dmxl2
Dna2	ENSG00000138346	ENSMUSG00000036875	Dna2
Dnah2	ENSG00000183914	ENSMUSG00000005237	Dnah2
Dnah7b	ENSG00000118997	ENSMUSG00000041144	Dnah7b
Dner	ENSG00000187957	ENSMUSG00000036766	Dner
Dnm3	ENSG00000197959	ENSMUSG00000040265	Dnm3
Dnm3os	NA	ENSMUSG00000078190	Dnm3os
Dnmbp	ENSG00000107554	ENSMUSG00000025195	Dnmbp
Dnmt3a	ENSG00000119772	ENSMUSG00000020661	Dnmt3a
Dnmt3b	ENSG00000088305	ENSMUSG00000027478	Dnmt3b
Dnttip2	ENSG00000067334	ENSMUSG00000039756	Dnttip2
Dock10	ENSG00000135905	ENSMUSG00000038608	Dock10
Dock11	ENSG00000147251	ENSMUSG00000031093	Dock11
Dock3	ENSG00000088538	ENSMUSG00000039716	Dock3
Dock4	ENSG00000128512	ENSMUSG00000035954	Dock4
Dock5	ENSG00000147459	ENSMUSG00000044447	Dock5
Dock7	ENSG00000116641	ENSMUSG00000028556	Dock7
Dock9	ENSG00000088387	ENSMUSG00000025558	Dock9
Dok5	ENSG00000101134	ENSMUSG00000027560	Dok5
Dok6	ENSG00000206052	ENSMUSG00000073514	Dok6
Donson	ENSG00000159147	ENSMUSG00000022960	Donson
Dpf3	ENSG00000205683	ENSMUSG00000021221	Dpf3
Dph3	ENSG00000154813	ENSMUSG00000021905	Dph3
Dph6	ENSG00000134146	ENSMUSG00000057147	Dph6
Dpm3	ENSG00000179085	ENSMUSG00000042737	Dpm3
Dpp10	ENSG00000175497	ENSMUSG00000036815	Dpp10
Dpp6	ENSG00000130226	ENSMUSG00000061576	Dpp6
Dpp8	ENSG00000074603	ENSMUSG00000032393	Dpp8
Dpy19l1	ENSG00000173852	ENSMUSG00000043067	Dpy19l1
Dpyd	ENSG00000188641	ENSMUSG00000033308	Dpyd
Dpysl3	ENSG00000113657	ENSMUSG00000024501	Dpysl3
Dqx1	ENSG00000144045	ENSMUSG00000009145	Dqx1
Drg1	ENSG00000185721	ENSMUSG00000020457	Drg1
Dscam	ENSG00000171587	ENSMUSG00000050272	Dscam
Dscc1	ENSG00000136982	ENSMUSG00000022422	Dscc1
Dse	ENSG00000111817	ENSMUSG00000039497	Dse
Dsel	ENSG00000171451	ENSMUSG00000038702	Dsel
Dst	ENSG00000151914	ENSMUSG00000026131	Dst
Dtd1	ENSG00000125821	ENSMUSG00000027430	Dtd1
Dtl	ENSG00000143476	ENSMUSG00000037474	Dtl
Dtna	ENSG00000134769	ENSMUSG00000024302	Dtna
Dtymk	ENSG00000168393	ENSMUSG00000026281	Dtymk
Dus1l	ENSG00000169718	ENSMUSG00000025155	Dus1l
Dusp16	ENSG00000111266	ENSMUSG00000030203	Dusp16
Dusp6	ENSG00000139318	ENSMUSG00000019960	Dusp6
Dut	ENSG00000128951	ENSMUSG00000027203	Dut
Dync1i1	ENSG00000158560	ENSMUSG00000029757	Dync1i1
Dync2h1	ENSG00000187240	ENSMUSG00000047193	Dync2h1
Dynll1	ENSG00000088986	ENSMUSG00000009013	Dynll1
Dynlrb1	ENSG00000125971	ENSMUSG00000047459	Dynlrb1
Dzank1	ENSG00000089091	ENSMUSG00000037259	Dzank1
Dzip1	ENSG00000134874	ENSMUSG00000042156	Dzip1
Dzip3	ENSG00000198919	ENSMUSG00000064061	Dzip3
E130307A14Rik	NA	ENSMUSG00000087177	E130307A14Rik
E130308A19Rik	ENSG00000165185	ENSMUSG00000045071	E130308A19Rik
E230016M11Rik	NA	ENSMUSG00000087231	E230016M11Rik
E2f5	ENSG00000133740	ENSMUSG00000027552	E2f5
E330013P04Rik	NA	ENSMUSG00000053117	E330013P04Rik
Eapp	ENSG00000129518	ENSMUSG00000054302	Eapp
Ebna1bp2	ENSG00000117395	ENSMUSG00000028729	Ebna1bp2
Ece2	ENSG00000145194	ENSMUSG00000022842	Ece2
Echdc1	ENSG00000093144	ENSMUSG00000019883	Echdc1
Ect2	ENSG00000114346	ENSMUSG00000027699	Ect2
Eda	ENSG00000158813	ENSMUSG00000059327	Eda
Edaradd	ENSG00000186197	ENSMUSG00000095105	Edaradd
Edc4	ENSG00000038358	ENSMUSG00000036270	Edc4
Edem1	ENSG00000134109	ENSMUSG00000030104	Edem1
Edil3	ENSG00000164176	ENSMUSG00000034488	Edil3
Ednra	ENSG00000151617	ENSMUSG00000031616	Ednra
Eea1	ENSG00000102189	ENSMUSG00000036499	Eea1
Eef1akmt1	ENSG00000150456	ENSMUSG00000021951	Eef1akmt1
Eef1b2	ENSG00000114942	ENSMUSG00000025967	Eef1b2
Eef1d	ENSG00000104529	ENSMUSG00000055762	Eef1d
Eef1g	ENSG00000254772	ENSMUSG00000071644	Eef1g
Eef2	ENSG00000167658	ENSMUSG00000034994	Eef2
Eepd1	ENSG00000122547	ENSMUSG00000036611	Eepd1
Efcab11	ENSG00000140025	ENSMUSG00000021176	Efcab11
Efcab2	ENSG00000203666	ENSMUSG00000026495	Efcab2
Efemp1	ENSG00000115380	ENSMUSG00000020467	Efemp1
Efna4	ENSG00000243364	ENSMUSG00000028040	Efna4
Efna5	ENSG00000184349	ENSMUSG00000048915	Efna5
Efnb1	ENSG00000090776	ENSMUSG00000031217	Efnb1
Efnb2	ENSG00000125266	ENSMUSG00000001300	Efnb2
Efnb3	ENSG00000108947	ENSMUSG00000003934	Efnb3
Efr3a	ENSG00000132294	ENSMUSG00000015002	Efr3a
Egfem1	NA	ENSMUSG00000063600	Egfem1
Egfl6	ENSG00000198759	ENSMUSG00000000402	Egfl6
Egflam	ENSG00000164318	ENSMUSG00000042961	Egflam
Egfr	ENSG00000146648	ENSMUSG00000020122	Egfr
Eid1	NA	ENSMUSG00000091337	Eid1
Eif1	NA	ENSMUSG00000035530	Eif1
Eif1a	ENSG00000198692	ENSMUSG00000057561	Eif1a
Eif1ax	ENSG00000173674	ENSMUSG00000067194	Eif1ax
Eif2ak3	ENSG00000172071	ENSMUSG00000031668	Eif2ak3
Eif2b3	ENSG00000070785	ENSMUSG00000028683	Eif2b3
Eif2s2	ENSG00000125977	ENSMUSG00000074656	Eif2s2
Eif2s3x	ENSG00000130741	ENSMUSG00000035150	Eif2s3x
Eif2s3y	NA	ENSMUSG00000069049	Eif2s3y
Eif3a	ENSG00000107581	ENSMUSG00000024991	Eif3a
Eif3b	ENSG00000106263	ENSMUSG00000056076	Eif3b
Eif3c	ENSG00000184110	ENSMUSG00000030738	Eif3c
Eif3e	ENSG00000104408	ENSMUSG00000022336	Eif3e
Eif3f	ENSG00000175390	ENSMUSG00000031029	Eif3f
Eif3i	ENSG00000084623	ENSMUSG00000028798	Eif3i
Eif3l	ENSG00000100129	ENSMUSG00000033047	Eif3l
Eif4a1	ENSG00000161960	ENSMUSG00000059796	Eif4a1
Eif4a2	ENSG00000156976	ENSMUSG00000022884	Eif4a2
Eif4b	ENSG00000063046	ENSMUSG00000058655	Eif4b
Eif4e	ENSG00000151247	ENSMUSG00000028156	Eif4e
Eif4enif1	ENSG00000184708	ENSMUSG00000020454	Eif4enif1
Eif4g2	ENSG00000110321	ENSMUSG00000005610	Eif4g2
Eif4h	ENSG00000106682	ENSMUSG00000040731	Eif4h
Eif5	ENSG00000100664	ENSMUSG00000021282	Eif5
Eif5a	ENSG00000132507	ENSMUSG00000078812	Eif5a
Elavl2	ENSG00000107105	ENSMUSG00000008489	Elavl2
Elavl4	ENSG00000162374	ENSMUSG00000028546	Elavl4
Eldr	NA	ENSMUSG00000087060	Eldr
Ell2	ENSG00000118985	ENSMUSG00000001542	Ell2
Elmo1	ENSG00000155849	ENSMUSG00000041112	Elmo1
Elmod2	ENSG00000179387	ENSMUSG00000035151	Elmod2
Eln	ENSG00000049540	ENSMUSG00000029675	Eln
Elovl2	ENSG00000197977	ENSMUSG00000021364	Elovl2
Elovl5	ENSG00000012660	ENSMUSG00000032349	Elovl5
Elovl6	ENSG00000170522	ENSMUSG00000041220	Elovl6
Elp4	ENSG00000109911	ENSMUSG00000027167	Elp4
Emb	ENSG00000170571	ENSMUSG00000021728	Emb
Emc3	ENSG00000125037	ENSMUSG00000030286	Emc3
Emc4	ENSG00000128463	ENSMUSG00000027131	Emc4
Emg1	ENSG00000126749	ENSMUSG00000004268	Emg1
Emid1	ENSG00000186998	ENSMUSG00000034164	Emid1
Emilin2	ENSG00000132205	ENSMUSG00000024053	Emilin2
Eml4	ENSG00000143924	ENSMUSG00000032624	Eml4
Eml6	ENSG00000214595	ENSMUSG00000044072	Eml6
Emx2os	NA	ENSMUSG00000087095	Emx2os
Endov	ENSG00000173818	ENSMUSG00000039850	Endov
Eno1	ENSG00000074800	ENSMUSG00000063524	Eno1
Enox1	ENSG00000120658	ENSMUSG00000022012	Enox1
Enox2	ENSG00000165675	ENSMUSG00000031109	Enox2
Enpp2	ENSG00000136960	ENSMUSG00000022425	Enpp2
Enpp3	ENSG00000154269	ENSMUSG00000019989	Enpp3
Entpd1	ENSG00000138185	ENSMUSG00000048120	Entpd1
Eny2	ENSG00000120533	ENSMUSG00000022338	Eny2
Eogt	ENSG00000163378	ENSMUSG00000035245	Eogt
Epb41	ENSG00000159023	ENSMUSG00000028906	Epb41
Epb41l2	ENSG00000079819	ENSMUSG00000019978	Epb41l2
Epb41l3	ENSG00000082397	ENSMUSG00000024044	Epb41l3
Epb41l4a	ENSG00000129595	ENSMUSG00000024376	Epb41l4a
Epb41l4aos	NA	ENSMUSG00000087590	Epb41l4aos
Epb41l4b	ENSG00000095203	ENSMUSG00000028434	Epb41l4b
Epb41l5	ENSG00000115109	ENSMUSG00000026383	Epb41l5
Epdr1	ENSG00000086289	ENSMUSG00000002808	Epdr1
Epha10	ENSG00000183317	ENSMUSG00000028876	Epha10
Epha3	ENSG00000044524	ENSMUSG00000052504	Epha3
Epha4	ENSG00000116106	ENSMUSG00000026235	Epha4
Epha5	ENSG00000145242	ENSMUSG00000029245	Epha5
Epha6	ENSG00000080224	ENSMUSG00000055540	Epha6
Epha7	ENSG00000135333	ENSMUSG00000028289	Epha7
Ephb1	ENSG00000154928	ENSMUSG00000032537	Ephb1
Epm2aip1	ENSG00000178567	ENSMUSG00000046785	Epm2aip1
Eps8	ENSG00000151491	ENSMUSG00000015766	Eps8
Erbb2	ENSG00000141736	ENSMUSG00000062312	Erbb2
Erbb4	ENSG00000178568	ENSMUSG00000062209	Erbb4
Erc2	ENSG00000187672	ENSMUSG00000040640	Erc2
Ercc5	ENSG00000134897	ENSMUSG00000026048	Ercc5
Ercc6l2	NA	ENSMUSG00000021470	Ercc6l2
Erlin1	ENSG00000107566	ENSMUSG00000025198	Erlin1
Erlin2	ENSG00000147475	ENSMUSG00000031483	Erlin2
Erp29	ENSG00000089248	ENSMUSG00000029616	Erp29
Errfi1	ENSG00000116285	ENSMUSG00000028967	Errfi1
Esco2	ENSG00000171320	ENSMUSG00000022034	Esco2
Esf1	ENSG00000089048	ENSMUSG00000045624	Esf1
Espl1	ENSG00000135476	ENSMUSG00000058290	Espl1
Etaa1	ENSG00000143971	ENSMUSG00000016984	Etaa1
Etfdh	ENSG00000171503	ENSMUSG00000027809	Etfdh
Etl4	ENSG00000120549	ENSMUSG00000036617	Etl4
Etnk1	ENSG00000139163	ENSMUSG00000030275	Etnk1
Eva1b	ENSG00000142694	ENSMUSG00000050212	Eva1b
Evx1os	NA	ENSMUSG00000086126	Evx1os
Exd2	ENSG00000081177	ENSMUSG00000032705	Exd2
Exo1	ENSG00000174371	ENSMUSG00000039748	Exo1
Exoc2	ENSG00000112685	ENSMUSG00000021357	Exoc2
Exoc4	ENSG00000131558	ENSMUSG00000029763	Exoc4
Exoc6	ENSG00000138190	ENSMUSG00000053799	Exoc6
Exoc6b	ENSG00000144036	ENSMUSG00000033769	Exoc6b
Exosc8	ENSG00000120699	ENSMUSG00000027752	Exosc8
Exosc9	ENSG00000123737	ENSMUSG00000027714	Exosc9
Ext1	ENSG00000182197	ENSMUSG00000061731	Ext1
Eya1	ENSG00000104313	ENSMUSG00000025932	Eya1
Eya2	ENSG00000064655	ENSMUSG00000017897	Eya2
Eya4	ENSG00000112319	ENSMUSG00000010461	Eya4
Ezh1	ENSG00000108799	ENSMUSG00000006920	Ezh1
Ezh2	ENSG00000106462	ENSMUSG00000029687	Ezh2
F2r	ENSG00000181104	ENSMUSG00000048376	F2r
Fabp5	ENSG00000164687	ENSMUSG00000027533	Fabp5
Fads1	ENSG00000149485	ENSMUSG00000010663	Fads1
Fam107b	ENSG00000065809	ENSMUSG00000026655	Fam107b
Fam110b	ENSG00000169122	ENSMUSG00000049119	Fam110b
Fam111a	ENSG00000166801	ENSMUSG00000024691	Fam111a
Fam114a1	ENSG00000197712	ENSMUSG00000029185	Fam114a1
Fam120c	ENSG00000184083	ENSMUSG00000025262	Fam120c
Fam136a	ENSG00000035141	ENSMUSG00000057497	Fam136a
Fam13a	ENSG00000138640	ENSMUSG00000037709	Fam13a
Fam13c	ENSG00000148541	ENSMUSG00000043259	Fam13c
Fam151a	ENSG00000162391	ENSMUSG00000034871	Fam151a
Fam162a	ENSG00000114023	ENSMUSG00000003955	Fam162a
Fam169a	ENSG00000198780	ENSMUSG00000041817	Fam169a
Fam171b	ENSG00000144369	ENSMUSG00000048388	Fam171b
Fam184a	ENSG00000111879	ENSMUSG00000019856	Fam184a
Fam185a	ENSG00000222011	ENSMUSG00000047221	Fam185a
Fam199x	ENSG00000123575	ENSMUSG00000042595	Fam199x
Fam204a	ENSG00000165669	ENSMUSG00000057858	Fam204a
Fam219a	ENSG00000164970	ENSMUSG00000028439	Fam219a
Fam53a	ENSG00000174137	ENSMUSG00000037339	Fam53a
Fam78b	ENSG00000188859	ENSMUSG00000060568	Fam78b
Fam8a1	ENSG00000137414	ENSMUSG00000069237	Fam8a1
Fam91a1	ENSG00000176853	ENSMUSG00000037119	Fam91a1
Fancb	ENSG00000181544	ENSMUSG00000047757	Fancb
Fancc	ENSG00000158169	ENSMUSG00000021461	Fancc
Fancd2	ENSG00000144554	ENSMUSG00000034023	Fancd2
Fancl	ENSG00000115392	ENSMUSG00000004018	Fancl
Fap	ENSG00000078098	ENSMUSG00000000392	Fap
Far1	ENSG00000197601	ENSMUSG00000030759	Far1
Farp1	ENSG00000152767	ENSMUSG00000025555	Farp1
Farp2	ENSG00000006607	ENSMUSG00000034066	Farp2
Fasn	ENSG00000169710	ENSMUSG00000025153	Fasn
Fastk	ENSG00000164896	ENSMUSG00000028959	Fastk
Fastkd2	ENSG00000118246	ENSMUSG00000025962	Fastkd2
Fat1	ENSG00000083857	ENSMUSG00000070047	Fat1
Fat3	ENSG00000165323	ENSMUSG00000074505	Fat3
Fat4	ENSG00000196159	ENSMUSG00000046743	Fat4
Fau	ENSG00000149806	ENSMUSG00000038274	Fau
Fbln1	ENSG00000077942	ENSMUSG00000006369	Fbln1
Fbln2	ENSG00000163520	ENSMUSG00000064080	Fbln2
Fbn1	ENSG00000166147	ENSMUSG00000027204	Fbn1
Fbn2	ENSG00000138829	ENSMUSG00000024598	Fbn2
Fbp1	ENSG00000165140	ENSMUSG00000069805	Fbp1
Fbxl17	ENSG00000145743	ENSMUSG00000023965	Fbxl17
Fbxl20	ENSG00000108306	ENSMUSG00000020883	Fbxl20
Fbxl7	ENSG00000183580	ENSMUSG00000043556	Fbxl7
Fbxo3	ENSG00000110429	ENSMUSG00000027180	Fbxo3
Fbxo30	ENSG00000118496	ENSMUSG00000047648	Fbxo30
Fbxo4	ENSG00000151876	ENSMUSG00000022184	Fbxo4
Fbxo41	ENSG00000163013	ENSMUSG00000047013	Fbxo41
Fbxo47	ENSG00000204952	ENSMUSG00000070336	Fbxo47
Fbxo5	ENSG00000112029	ENSMUSG00000019773	Fbxo5
Fbxo8	ENSG00000164117	ENSMUSG00000038206	Fbxo8
Fbxw2	ENSG00000119402	ENSMUSG00000035949	Fbxw2
Fcf1	NA	ENSMUSG00000021243	Fcf1
Fcgr3	ENSG00000072694	ENSMUSG00000059498	Fcgr3
Fdft1	ENSG00000079459	ENSMUSG00000021273	Fdft1
Fem1b	ENSG00000169018	ENSMUSG00000032244	Fem1b
Fen1	ENSG00000168496	ENSMUSG00000024742	Fen1
Fendrr	NA	ENSMUSG00000097336	Fendrr
Fermt2	ENSG00000073712	ENSMUSG00000037712	Fermt2
Fgd4	ENSG00000139132	ENSMUSG00000022788	Fgd4
Fgf10	ENSG00000070193	ENSMUSG00000021732	Fgf10
Fgf12	ENSG00000114279	ENSMUSG00000022523	Fgf12
Fgf13	ENSG00000129682	ENSMUSG00000031137	Fgf13
Fgf14	ENSG00000102466	ENSMUSG00000025551	Fgf14
Fgf7	ENSG00000140285	ENSMUSG00000027208	Fgf7
Fgf9	ENSG00000102678	ENSMUSG00000021974	Fgf9
Fgfr2	ENSG00000066468	ENSMUSG00000030849	Fgfr2
Fgfr3	ENSG00000068078	ENSMUSG00000054252	Fgfr3
Fgfrl1	ENSG00000127418	ENSMUSG00000008090	Fgfrl1
Fggy	ENSG00000172456	ENSMUSG00000028573	Fggy
Fhad1	ENSG00000142621	ENSMUSG00000051435	Fhad1
Fhit	ENSG00000189283	ENSMUSG00000060579	Fhit
Fhl2	ENSG00000115641	ENSMUSG00000008136	Fhl2
Fhod3	ENSG00000134775	ENSMUSG00000034295	Fhod3
Fibin	ENSG00000176971	ENSMUSG00000074971	Fibin
Fign	ENSG00000182263	ENSMUSG00000075324	Fign
Filip1l	ENSG00000168386	ENSMUSG00000043336	Filip1l
Firre	NA	ENSMUSG00000085396	Firre
Fkbp11	ENSG00000134285	ENSMUSG00000003355	Fkbp11
Fkbp2	NA	ENSMUSG00000056629	Fkbp2
Fkbp3	ENSG00000100442	ENSMUSG00000020949	Fkbp3
Fkbp4	ENSG00000004478	ENSMUSG00000030357	Fkbp4
Fkbp5	ENSG00000096060	ENSMUSG00000024222	Fkbp5
Flnb	ENSG00000136068	ENSMUSG00000025278	Flnb
Flnc	ENSG00000128591	ENSMUSG00000068699	Flnc
Flrt2	ENSG00000185070	ENSMUSG00000047414	Flrt2
Flrt3	ENSG00000125848	ENSMUSG00000051379	Flrt3
Flt1	ENSG00000102755	ENSMUSG00000029648	Flt1
Fmc1	ENSG00000164898	ENSMUSG00000019689	Fmc1
Fmn1	ENSG00000248905	ENSMUSG00000044042	Fmn1
Fmn2	ENSG00000155816	ENSMUSG00000028354	Fmn2
Fmnl2	ENSG00000157827	ENSMUSG00000036053	Fmnl2
Fmr1	ENSG00000102081	ENSMUSG00000000838	Fmr1
Fn1	ENSG00000115414	ENSMUSG00000026193	Fn1
Fnbp1l	ENSG00000137942	ENSMUSG00000039735	Fnbp1l
Fndc3b	ENSG00000075420	ENSMUSG00000039286	Fndc3b
Fndc3c1	NA	ENSMUSG00000033737	Fndc3c1
Fndc4	ENSG00000115226	ENSMUSG00000038552	Fndc4
Focad	ENSG00000188352	ENSMUSG00000038368	Focad
Foxd2os	NA	ENSMUSG00000085399	Foxd2os
Foxn2	ENSG00000170802	ENSMUSG00000034998	Foxn2
Foxp4	ENSG00000137166	ENSMUSG00000023991	Foxp4
Fras1	ENSG00000138759	ENSMUSG00000034687	Fras1
Frem1	ENSG00000164946	ENSMUSG00000059049	Frem1
Frem2	ENSG00000150893	ENSMUSG00000037016	Frem2
Frk	ENSG00000111816	ENSMUSG00000019779	Frk
Frmd3	ENSG00000172159	ENSMUSG00000049122	Frmd3
Frmd4a	ENSG00000151474	ENSMUSG00000026657	Frmd4a
Frmd4b	ENSG00000114541	ENSMUSG00000030064	Frmd4b
Frmd5	ENSG00000171877	ENSMUSG00000027238	Frmd5
Frmd6	ENSG00000139926	ENSMUSG00000048285	Frmd6
Frmd8	ENSG00000126391	ENSMUSG00000024816	Frmd8
Frmpd4	ENSG00000169933	ENSMUSG00000049176	Frmpd4
Fry	ENSG00000073910	ENSMUSG00000056602	Fry
Frzb	ENSG00000162998	ENSMUSG00000027004	Frzb
Fsd1l	ENSG00000106701	ENSMUSG00000054752	Fsd1l
Fstl1	ENSG00000163430	ENSMUSG00000022816	Fstl1
Fstl4	ENSG00000053108	ENSMUSG00000036264	Fstl4
Ftsj3	ENSG00000108592	ENSMUSG00000020706	Ftsj3
Fuca1	ENSG00000179163	ENSMUSG00000028673	Fuca1
Fut1	ENSG00000174951	ENSMUSG00000008461	Fut1
Fut8	ENSG00000033170	ENSMUSG00000021065	Fut8
Fut9	ENSG00000172461	ENSMUSG00000055373	Fut9
Fyn	ENSG00000010810	ENSMUSG00000019843	Fyn
Fyttd1	ENSG00000122068	ENSMUSG00000022800	Fyttd1
Fzd1	ENSG00000157240	ENSMUSG00000044674	Fzd1
Fzd10	ENSG00000111432	ENSMUSG00000081683	Fzd10
Fzd2	ENSG00000180340	ENSMUSG00000050288	Fzd2
Fzd3	ENSG00000104290	ENSMUSG00000007989	Fzd3
Fzd4	ENSG00000174804	ENSMUSG00000049791	Fzd4
Fzd7	ENSG00000155760	ENSMUSG00000041075	Fzd7
G2e3	ENSG00000092140	ENSMUSG00000035293	G2e3
G3bp1	ENSG00000145907	ENSMUSG00000018583	G3bp1
G3bp2	ENSG00000138757	ENSMUSG00000029405	G3bp2
G630016G05Rik	NA	ENSMUSG00000086308	G630016G05Rik
Gab1	ENSG00000109458	ENSMUSG00000031714	Gab1
Gab2	ENSG00000033327	ENSMUSG00000004508	Gab2
Gabra2	ENSG00000151834	ENSMUSG00000000560	Gabra2
Gabra3	ENSG00000011677	ENSMUSG00000031343	Gabra3
Gabrb1	ENSG00000163288	ENSMUSG00000029212	Gabrb1
Gabrb2	ENSG00000145864	ENSMUSG00000007653	Gabrb2
Gabrb3	ENSG00000166206	ENSMUSG00000033676	Gabrb3
Gabre	ENSG00000102287	ENSMUSG00000031340	Gabre
Gabrg3	ENSG00000182256	ENSMUSG00000055026	Gabrg3
Galc	ENSG00000054983	ENSMUSG00000021003	Galc
Galk2	ENSG00000156958	ENSMUSG00000027207	Galk2
Galnt13	ENSG00000144278	ENSMUSG00000060988	Galnt13
Galnt14	ENSG00000158089	ENSMUSG00000024064	Galnt14
Galnt16	ENSG00000100626	ENSMUSG00000021130	Galnt16
Galnt18	ENSG00000110328	ENSMUSG00000038296	Galnt18
Galnt5	ENSG00000136542	ENSMUSG00000026828	Galnt5
Galnt7	ENSG00000109586	ENSMUSG00000031608	Galnt7
Galntl6	ENSG00000174473	ENSMUSG00000096914	Galntl6
Gap43	ENSG00000172020	ENSMUSG00000047261	Gap43
Gar1	ENSG00000109534	ENSMUSG00000028010	Gar1
Gas1	ENSG00000180447	ENSMUSG00000052957	Gas1
Gas2	ENSG00000148935	ENSMUSG00000030498	Gas2
Gas2l3	ENSG00000139354	ENSMUSG00000074802	Gas2l3
Gas5	NA	ENSMUSG00000053332	Gas5
Gas7	ENSG00000007237	ENSMUSG00000033066	Gas7
Gatad1	ENSG00000157259	ENSMUSG00000007415	Gatad1
Gbe1	ENSG00000114480	ENSMUSG00000022707	Gbe1
Gcc2	ENSG00000135968	ENSMUSG00000038039	Gcc2
Gcfc2	ENSG00000005436	ENSMUSG00000035125	Gcfc2
Gclc	ENSG00000001084	ENSMUSG00000032350	Gclc
Gclm	ENSG00000023909	ENSMUSG00000028124	Gclm
Gcnt2	ENSG00000111846	ENSMUSG00000021360	Gcnt2
Gdf11	ENSG00000135414	ENSMUSG00000025352	Gdf11
Gdi2	ENSG00000057608	ENSMUSG00000021218	Gdi2
Gdpd1	ENSG00000153982	ENSMUSG00000061666	Gdpd1
Gemin5	ENSG00000082516	ENSMUSG00000037275	Gemin5
Gen1	ENSG00000178295	ENSMUSG00000051235	Gen1
Get4	ENSG00000239857	ENSMUSG00000025858	Get4
Gfod1	ENSG00000145990	ENSMUSG00000051335	Gfod1
Gfod2	ENSG00000141098	ENSMUSG00000013150	Gfod2
Gfra1	ENSG00000151892	ENSMUSG00000025089	Gfra1
Gfra2	ENSG00000168546	ENSMUSG00000022103	Gfra2
Ghr	ENSG00000112964	ENSMUSG00000055737	Ghr
Gid8	ENSG00000101193	ENSMUSG00000027573	Gid8
Gins3	ENSG00000181938	ENSMUSG00000031669	Gins3
Gja1	ENSG00000152661	ENSMUSG00000050953	Gja1
Gja3	ENSG00000121743	ENSMUSG00000048582	Gja3
Gk	ENSG00000198814	ENSMUSG00000025059	Gk
Gk5	ENSG00000175066	ENSMUSG00000041440	Gk5
Gkap1	ENSG00000165113	ENSMUSG00000021552	Gkap1
Glce	ENSG00000138604	ENSMUSG00000032252	Glce
Gldc	ENSG00000178445	ENSMUSG00000024827	Gldc
Gli1	ENSG00000111087	ENSMUSG00000025407	Gli1
Glipr2	ENSG00000122694	ENSMUSG00000028480	Glipr2
Glrb	ENSG00000109738	ENSMUSG00000028020	Glrb
Gls	ENSG00000115419	ENSMUSG00000026103	Gls
Glt1d1	ENSG00000151948	ENSMUSG00000049971	Glt1d1
Glt8d1	ENSG00000016864	ENSMUSG00000021916	Glt8d1
Gm10069	NA	ENSMUSG00000059659	Gm10069
Gm11266	NA	ENSMUSG00000087413	Gm11266
Gm12216	NA	ENSMUSG00000081769	Gm12216
Gm12718	NA	ENSMUSG00000086136	Gm12718
Gm13483	NA	ENSMUSG00000085862	Gm13483
Gm13986	NA	ENSMUSG00000087203	Gm13986
Gm14164	NA	ENSMUSG00000068062	Gm14164
Gm14634	NA	ENSMUSG00000085891	Gm14634
Gm14858	NA	ENSMUSG00000085568	Gm14858
Gm15697	NA	ENSMUSG00000081670	Gm15697
Gm16023	NA	ENSMUSG00000086682	Gm16023
Gm16070	NA	ENSMUSG00000085125	Gm16070
Gm16973	NA	ENSMUSG00000097743	Gm16973
Gm19705	NA	ENSMUSG00000097113	Gm19705
Gm20125	NA	ENSMUSG00000101969	Gm20125
Gm20754	NA	ENSMUSG00000103428	Gm20754
Gm2237	NA	ENSMUSG00000093979	Gm2237
Gm26688	NA	ENSMUSG00000097752	Gm26688
Gm2897	NA	ENSMUSG00000079410	Gm2897
Gm3264	NA	ENSMUSG00000094132	Gm3264
Gm3696	NA	ENSMUSG00000092167	Gm3696
Gm4221	NA	ENSMUSG00000096948	Gm4221
Gm4924	NA	ENSMUSG00000073427	Gm4924
Gm5127	NA	ENSMUSG00000073010	Gm5127
Gm805	NA	ENSMUSG00000097543	Gm805
Gmcl1	ENSG00000087338	ENSMUSG00000001157	Gmcl1
Gmds	ENSG00000112699	ENSMUSG00000038372	Gmds
Gmfb	ENSG00000197045	ENSMUSG00000062014	Gmfb
Gmnn	ENSG00000112312	ENSMUSG00000006715	Gmnn
Gmps	ENSG00000163655	ENSMUSG00000027823	Gmps
Gnai1	ENSG00000127955	ENSMUSG00000057614	Gnai1
Gnal	ENSG00000141404	ENSMUSG00000024524	Gnal
Gnao1	ENSG00000087258	ENSMUSG00000031748	Gnao1
Gnas	ENSG00000087460	ENSMUSG00000027523	Gnas
Gng12	ENSG00000172380	ENSMUSG00000036402	Gng12
Gng2	ENSG00000186469	ENSMUSG00000043004	Gng2
Gng5	NA	ENSMUSG00000068523	Gng5
Gnl3	ENSG00000163938	ENSMUSG00000042354	Gnl3
Gnpda2	ENSG00000163281	ENSMUSG00000029209	Gnpda2
Gns	ENSG00000135677	ENSMUSG00000034707	Gns
Golgb1	ENSG00000173230	ENSMUSG00000034243	Golgb1
Golim4	ENSG00000173905	ENSMUSG00000034109	Golim4
Golm1	ENSG00000135052	ENSMUSG00000021556	Golm1
Golph3l	ENSG00000143457	ENSMUSG00000046519	Golph3l
Gpatch4	ENSG00000160818	ENSMUSG00000028069	Gpatch4
Gpc1	ENSG00000063660	ENSMUSG00000034220	Gpc1
Gpc3	ENSG00000147257	ENSMUSG00000055653	Gpc3
Gpc4	ENSG00000076716	ENSMUSG00000031119	Gpc4
Gpc5	ENSG00000179399	ENSMUSG00000022112	Gpc5
Gpc6	ENSG00000183098	ENSMUSG00000058571	Gpc6
Gpcpd1	ENSG00000125772	ENSMUSG00000027346	Gpcpd1
Gpd2	ENSG00000115159	ENSMUSG00000026827	Gpd2
Gphn	ENSG00000171723	ENSMUSG00000047454	Gphn
Gpm6b	ENSG00000046653	ENSMUSG00000031342	Gpm6b
Gpn1	ENSG00000198522	ENSMUSG00000064037	Gpn1
Gpr137c	ENSG00000180998	ENSMUSG00000049092	Gpr137c
Gpr156	ENSG00000175697	ENSMUSG00000046961	Gpr156
Gpr161	ENSG00000143147	ENSMUSG00000040836	Gpr161
Gpr180	ENSG00000152749	ENSMUSG00000022131	Gpr180
Gpr19	ENSG00000183150	ENSMUSG00000032641	Gpr19
Gpr45	ENSG00000135973	ENSMUSG00000041907	Gpr45
Gpsm1	ENSG00000160360	ENSMUSG00000026930	Gpsm1
Gpx1	ENSG00000233276	ENSMUSG00000063856	Gpx1
Gpx4	ENSG00000167468	ENSMUSG00000075706	Gpx4
Gpx7	ENSG00000116157	ENSMUSG00000028597	Gpx7
Gpx8	ENSG00000164294	ENSMUSG00000021760	Gpx8
Gramd1b	ENSG00000023171	ENSMUSG00000040111	Gramd1b
Grb10	ENSG00000106070	ENSMUSG00000020176	Grb10
Grb14	ENSG00000115290	ENSMUSG00000026888	Grb14
Greb1	ENSG00000196208	ENSMUSG00000036523	Greb1
Greb1l	ENSG00000141449	ENSMUSG00000042942	Greb1l
Grem1	ENSG00000166923	ENSMUSG00000074934	Grem1
Gria1	ENSG00000155511	ENSMUSG00000020524	Gria1
Gria2	ENSG00000120251	ENSMUSG00000033981	Gria2
Gria3	ENSG00000125675	ENSMUSG00000001986	Gria3
Gria4	ENSG00000152578	ENSMUSG00000025892	Gria4
Grid1	ENSG00000182771	ENSMUSG00000041078	Grid1
Grid2	ENSG00000152208	ENSMUSG00000071424	Grid2
Grik1	ENSG00000171189	ENSMUSG00000022935	Grik1
Grik2	ENSG00000164418	ENSMUSG00000056073	Grik2
Grik4	ENSG00000149403	ENSMUSG00000032017	Grik4
Grin2a	ENSG00000183454	ENSMUSG00000059003	Grin2a
Grin2b	ENSG00000273079	ENSMUSG00000030209	Grin2b
Grin3a	ENSG00000198785	ENSMUSG00000039579	Grin3a
Grip1	ENSG00000155974	ENSMUSG00000034813	Grip1
Grk4	ENSG00000125388	ENSMUSG00000052783	Grk4
Grk5	ENSG00000198873	ENSMUSG00000003228	Grk5
Grm3	ENSG00000198822	ENSMUSG00000003974	Grm3
Grm7	ENSG00000196277	ENSMUSG00000056755	Grm7
Grm8	ENSG00000179603	ENSMUSG00000024211	Grm8
Gsap	ENSG00000186088	ENSMUSG00000039934	Gsap
Gsg1l	ENSG00000169181	ENSMUSG00000046182	Gsg1l
Gskip	ENSG00000100744	ENSMUSG00000044715	Gskip
Gsr	ENSG00000104687	ENSMUSG00000031584	Gsr
Gstcd	ENSG00000138780	ENSMUSG00000028018	Gstcd
Gstm5	ENSG00000134202	ENSMUSG00000004032	Gstm5
Gt(ROSA)26Sor	NA	ENSMUSG00000086429	Gt(ROSA)26Sor
Gtdc1	ENSG00000121964	ENSMUSG00000036890	Gtdc1
Gtf2e1	ENSG00000153767	ENSMUSG00000022828	Gtf2e1
Gtf2f2	ENSG00000188342	ENSMUSG00000067995	Gtf2f2
Gtpbp1	ENSG00000100226	ENSMUSG00000042535	Gtpbp1
Gtpbp4	ENSG00000107937	ENSMUSG00000021149	Gtpbp4
Gtse1	ENSG00000075218	ENSMUSG00000022385	Gtse1
Gtsf1	ENSG00000170627	ENSMUSG00000022487	Gtsf1
Gucy1a2	ENSG00000152402	ENSMUSG00000041624	Gucy1a2
Gulp1	ENSG00000144366	ENSMUSG00000056870	Gulp1
Gxylt2	ENSG00000172986	ENSMUSG00000030074	Gxylt2
Gys1	ENSG00000104812	ENSMUSG00000003865	Gys1
H19	NA	ENSMUSG00000000031	H19
H2-Q7	NA	ENSMUSG00000060550	H2-Q7
H3f3a	ENSG00000163041	ENSMUSG00000060743	H3f3a
H3f3b	NA	ENSMUSG00000016559	H3f3b
Hacd1	ENSG00000165996	ENSMUSG00000063275	Hacd1
Hacd2	ENSG00000206527	ENSMUSG00000035376	Hacd2
Hace1	ENSG00000085382	ENSMUSG00000038822	Hace1
Hapln1	ENSG00000145681	ENSMUSG00000021613	Hapln1
Has2	ENSG00000170961	ENSMUSG00000022367	Has2
Has2os	NA	ENSMUSG00000086541	Has2os
Hat1	ENSG00000128708	ENSMUSG00000027018	Hat1
Haus8	ENSG00000131351	ENSMUSG00000035439	Haus8
Hax1	ENSG00000143575	ENSMUSG00000027944	Hax1
Hba-a1	ENSG00000188536	ENSMUSG00000069919	Hba-a1
Hba-a2	ENSG00000188536	ENSMUSG00000069917	Hba-a2
Hba-x	ENSG00000130656	ENSMUSG00000055609	Hba-x
Hbb-bh1	NA	ENSMUSG00000052217	Hbb-bh1
Hbb-bs	NA	ENSMUSG00000052305	Hbb-bs
Hbb-bt	NA	ENSMUSG00000073940	Hbb-bt
Hbb-y	ENSG00000213931	ENSMUSG00000052187	Hbb-y
Hcn1	ENSG00000164588	ENSMUSG00000021730	Hcn1
Hdac2	ENSG00000196591	ENSMUSG00000019777	Hdac2
Hdac8	ENSG00000147099	ENSMUSG00000067567	Hdac8
Hdac9	ENSG00000048052	ENSMUSG00000004698	Hdac9
Hddc2	ENSG00000111906	ENSMUSG00000000295	Hddc2
Hdgf	ENSG00000143321	ENSMUSG00000004897	Hdgf
Hdx	ENSG00000165259	ENSMUSG00000034551	Hdx
Heatr5a	ENSG00000129493	ENSMUSG00000035181	Heatr5a
Hectd2	ENSG00000165338	ENSMUSG00000041180	Hectd2
Hecw2	ENSG00000138411	ENSMUSG00000042807	Hecw2
Heg1	ENSG00000173706	ENSMUSG00000075254	Heg1
Hells	ENSG00000119969	ENSMUSG00000025001	Hells
Helq	ENSG00000163312	ENSMUSG00000035266	Helq
Heph	ENSG00000089472	ENSMUSG00000031209	Heph
Herc3	ENSG00000138641	ENSMUSG00000029804	Herc3
Herpud1	ENSG00000051108	ENSMUSG00000031770	Herpud1
Hfm1	ENSG00000162669	ENSMUSG00000043410	Hfm1
Hgf	ENSG00000019991	ENSMUSG00000028864	Hgf
Hgsnat	ENSG00000165102	ENSMUSG00000037260	Hgsnat
Hhip	ENSG00000164161	ENSMUSG00000064325	Hhip
Hibadh	ENSG00000106049	ENSMUSG00000029776	Hibadh
Hibch	ENSG00000198130	ENSMUSG00000041426	Hibch
Higd1a	ENSG00000181061	ENSMUSG00000038412	Higd1a
Hint1	ENSG00000169567	ENSMUSG00000020267	Hint1
Hip1	ENSG00000127946	ENSMUSG00000039959	Hip1
Hipk2	ENSG00000064393	ENSMUSG00000061436	Hipk2
Hipk3	ENSG00000110422	ENSMUSG00000027177	Hipk3
Hirip3	ENSG00000149929	ENSMUSG00000042606	Hirip3
Hivep2	ENSG00000010818	ENSMUSG00000015501	Hivep2
Hjurp	ENSG00000123485	ENSMUSG00000044783	Hjurp
Hk2	ENSG00000159399	ENSMUSG00000000628	Hk2
Hlcs	ENSG00000159267	ENSMUSG00000040820	Hlcs
Hmcn1	ENSG00000143341	ENSMUSG00000066842	Hmcn1
Hmga2	ENSG00000149948	ENSMUSG00000056758	Hmga2
Hmgb1	NA	ENSMUSG00000066551	Hmgb1
Hmgb2	ENSG00000164104	ENSMUSG00000054717	Hmgb2
Hmgcll1	ENSG00000146151	ENSMUSG00000007908	Hmgcll1
Hmgcr	ENSG00000113161	ENSMUSG00000021670	Hmgcr
Hmgcs1	ENSG00000112972	ENSMUSG00000093930	Hmgcs1
Hmgn1	ENSG00000205581	ENSMUSG00000040681	Hmgn1
Hmgn2	NA	ENSMUSG00000003038	Hmgn2
Hmgn3	ENSG00000118418	ENSMUSG00000066456	Hmgn3
Hmgn5	ENSG00000198157	ENSMUSG00000031245	Hmgn5
Hmmr	ENSG00000072571	ENSMUSG00000020330	Hmmr
Hnrnpa0	ENSG00000177733	ENSMUSG00000007836	Hnrnpa0
Hnrnpa1	ENSG00000135486	ENSMUSG00000046434	Hnrnpa1
Hnrnpa3	ENSG00000170144	ENSMUSG00000059005	Hnrnpa3
Hnrnpab	ENSG00000197451	ENSMUSG00000020358	Hnrnpab
Hnrnpdl	ENSG00000152795	ENSMUSG00000029328	Hnrnpdl
Hnrnpf	ENSG00000169813	ENSMUSG00000042079	Hnrnpf
Hnrnph1	ENSG00000169045	ENSMUSG00000007850	Hnrnph1
Hnrnpk	ENSG00000165119	ENSMUSG00000021546	Hnrnpk
Hnrnpll	ENSG00000143889	ENSMUSG00000024095	Hnrnpll
Hnrnpu	ENSG00000153187	ENSMUSG00000039630	Hnrnpu
Homer1	ENSG00000152413	ENSMUSG00000007617	Homer1
Hook1	ENSG00000134709	ENSMUSG00000028572	Hook1
Hook2	ENSG00000095066	ENSMUSG00000052566	Hook2
Hotair	NA	ENSMUSG00000086903	Hotair
Hoxa11os	NA	ENSMUSG00000086427	Hoxa11os
Hoxaas2	NA	ENSMUSG00000056445	Hoxaas2
Hoxc5	ENSG00000172789	ENSMUSG00000022485	Hoxc5
Hpf1	ENSG00000056050	ENSMUSG00000038005	Hpf1
Hpgd	ENSG00000164120	ENSMUSG00000031613	Hpgd
Hpse2	ENSG00000172987	ENSMUSG00000074852	Hpse2
Hs3st3a1	ENSG00000153976	ENSMUSG00000047759	Hs3st3a1
Hs3st3b1	ENSG00000125430	ENSMUSG00000070407	Hs3st3b1
Hs3st4	ENSG00000182601	ENSMUSG00000078591	Hs3st4
Hs3st5	ENSG00000249853	ENSMUSG00000044499	Hs3st5
Hs6st2	ENSG00000171004	ENSMUSG00000062184	Hs6st2
Hs6st3	ENSG00000185352	ENSMUSG00000053465	Hs6st3
Hsbp1	ENSG00000230989	ENSMUSG00000031839	Hsbp1
Hsd11b2	ENSG00000176387	ENSMUSG00000031891	Hsd11b2
Hsd17b12	ENSG00000149084	ENSMUSG00000027195	Hsd17b12
Hsd17b7	ENSG00000132196	ENSMUSG00000026675	Hsd17b7
Hsf5	ENSG00000176160	ENSMUSG00000070345	Hsf5
Htatsf1	ENSG00000102241	ENSMUSG00000067873	Htatsf1
Hunk	ENSG00000142149	ENSMUSG00000053414	Hunk
Hyal2	ENSG00000068001	ENSMUSG00000010047	Hyal2
Hyou1	ENSG00000149428	ENSMUSG00000032115	Hyou1
Hypk	ENSG00000242028	ENSMUSG00000027245	Hypk
Ica1	ENSG00000003147	ENSMUSG00000062995	Ica1
Ice1	ENSG00000164151	ENSMUSG00000034525	Ice1
Ice2	ENSG00000128915	ENSMUSG00000032235	Ice2
Id1	ENSG00000125968	ENSMUSG00000042745	Id1
Id2	ENSG00000115738	ENSMUSG00000020644	Id2
Id3	ENSG00000117318	ENSMUSG00000007872	Id3
Ide	ENSG00000119912	ENSMUSG00000056999	Ide
Idh1	ENSG00000138413	ENSMUSG00000025950	Idh1
Idh2	ENSG00000182054	ENSMUSG00000030541	Idh2
Idh3g	ENSG00000067829	ENSMUSG00000002010	Idh3g
Idi1	ENSG00000067064	ENSMUSG00000058258	Idi1
Ifngr1	ENSG00000027697	ENSMUSG00000020009	Ifngr1
Ifngr2	ENSG00000159128	ENSMUSG00000022965	Ifngr2
Ifrd1	ENSG00000006652	ENSMUSG00000001627	Ifrd1
Ift20	ENSG00000109083	ENSMUSG00000001105	Ift20
Igbp1	ENSG00000089289	ENSMUSG00000031221	Igbp1
Igdcc3	ENSG00000174498	ENSMUSG00000032394	Igdcc3
Igdcc4	ENSG00000103742	ENSMUSG00000032816	Igdcc4
Igf1	ENSG00000017427	ENSMUSG00000020053	Igf1
Igf2	ENSG00000167244	ENSMUSG00000048583	Igf2
Igf2bp1	ENSG00000159217	ENSMUSG00000013415	Igf2bp1
Igf2bp3	ENSG00000136231	ENSMUSG00000029814	Igf2bp3
Igfbp2	ENSG00000115457	ENSMUSG00000039323	Igfbp2
Igfbp3	ENSG00000146674	ENSMUSG00000020427	Igfbp3
Igfbp4	ENSG00000141753	ENSMUSG00000017493	Igfbp4
Igfbp5	ENSG00000115461	ENSMUSG00000026185	Igfbp5
Igsf10	ENSG00000152580	ENSMUSG00000036334	Igsf10
Igsf11	ENSG00000144847	ENSMUSG00000022790	Igsf11
Ikzf2	ENSG00000030419	ENSMUSG00000025997	Ikzf2
Il11ra1	ENSG00000137070	ENSMUSG00000073889	Il11ra1
Il17rd	ENSG00000144730	ENSMUSG00000040717	Il17rd
Il1rap	ENSG00000196083	ENSMUSG00000022514	Il1rap
Il1rapl1	ENSG00000169306	ENSMUSG00000052372	Il1rapl1
Il1rapl2	ENSG00000189108	ENSMUSG00000059203	Il1rapl2
Il33	ENSG00000137033	ENSMUSG00000024810	Il33
Ilkap	ENSG00000132323	ENSMUSG00000026309	Ilkap
Immp2l	ENSG00000184903	ENSMUSG00000056899	Immp2l
Impact	ENSG00000154059	ENSMUSG00000024423	Impact
Impdh2	ENSG00000178035	ENSMUSG00000062867	Impdh2
Incenp	ENSG00000149503	ENSMUSG00000024660	Incenp
Ing1	ENSG00000153487	ENSMUSG00000045969	Ing1
Inip	ENSG00000148153	ENSMUSG00000038544	Inip
Inpp4b	ENSG00000109452	ENSMUSG00000037940	Inpp4b
Inpp5k	ENSG00000132376	ENSMUSG00000006127	Inpp5k
Insig1	ENSG00000186480	ENSMUSG00000045294	Insig1
Ints1	ENSG00000164880	ENSMUSG00000029547	Ints1
Ints6	ENSG00000102786	ENSMUSG00000035161	Ints6
Invs	ENSG00000119509	ENSMUSG00000028344	Invs
Ip6k1	ENSG00000176095	ENSMUSG00000032594	Ip6k1
Ipo5	ENSG00000065150	ENSMUSG00000030662	Ipo5
Ipp	ENSG00000197429	ENSMUSG00000028696	Ipp
Iqcb1	ENSG00000173226	ENSMUSG00000022837	Iqcb1
Iqce	NA	ENSMUSG00000036555	Iqce
Iqgap2	ENSG00000145703	ENSMUSG00000021676	Iqgap2
Iqsec1	ENSG00000144711	ENSMUSG00000034312	Iqsec1
Iqsec2	ENSG00000124313	ENSMUSG00000041115	Iqsec2
Irak1	ENSG00000184216	ENSMUSG00000031392	Irak1
Irs1	ENSG00000169047	ENSMUSG00000055980	Irs1
Irs2	ENSG00000185950	ENSMUSG00000038894	Irs2
Irx3	ENSG00000177508	ENSMUSG00000031734	Irx3
Irx5	ENSG00000176842	ENSMUSG00000031737	Irx5
Ism1	ENSG00000101230	ENSMUSG00000074766	Ism1
Itga1	ENSG00000213949	ENSMUSG00000042284	Itga1
Itga10	ENSG00000143127	ENSMUSG00000090210	Itga10
Itga11	ENSG00000137809	ENSMUSG00000032243	Itga11
Itga4	ENSG00000115232	ENSMUSG00000027009	Itga4
Itga6	ENSG00000091409	ENSMUSG00000027111	Itga6
Itga8	ENSG00000077943	ENSMUSG00000026768	Itga8
Itga9	ENSG00000144668	ENSMUSG00000039115	Itga9
Itgae	ENSG00000083457	ENSMUSG00000005947	Itgae
Itgav	ENSG00000138448	ENSMUSG00000027087	Itgav
Itgb8	ENSG00000105855	ENSMUSG00000025321	Itgb8
Itih5	ENSG00000123243	ENSMUSG00000025780	Itih5
Itm2a	ENSG00000078596	ENSMUSG00000031239	Itm2a
Itm2b	ENSG00000136156	ENSMUSG00000022108	Itm2b
Itpk1	ENSG00000100605	ENSMUSG00000057963	Itpk1
Itpr1	ENSG00000150995	ENSMUSG00000030102	Itpr1
Itpr2	ENSG00000123104	ENSMUSG00000030287	Itpr2
Itsn2	ENSG00000198399	ENSMUSG00000020640	Itsn2
Ivns1abp	ENSG00000116679	ENSMUSG00000023150	Ivns1abp
Jade1	ENSG00000077684	ENSMUSG00000025764	Jade1
Jade3	ENSG00000102221	ENSMUSG00000037315	Jade3
Jag1	ENSG00000101384	ENSMUSG00000027276	Jag1
Jag2	ENSG00000184916	ENSMUSG00000002799	Jag2
Jakmip2	ENSG00000176049	ENSMUSG00000024502	Jakmip2
Jarid2	ENSG00000008083	ENSMUSG00000038518	Jarid2
Jazf1	ENSG00000153814	ENSMUSG00000063568	Jazf1
Jkamp	ENSG00000050130	ENSMUSG00000005078	Jkamp
Jmjd1c	ENSG00000171988	ENSMUSG00000037876	Jmjd1c
Jmjd6	ENSG00000070495	ENSMUSG00000056962	Jmjd6
Jph1	ENSG00000104369	ENSMUSG00000042686	Jph1
Junos	NA	ENSMUSG00000087366	Junos
Kalrn	ENSG00000160145	ENSMUSG00000061751	Kalrn
Kank1	ENSG00000107104	ENSMUSG00000032702	Kank1
Kank4	ENSG00000132854	ENSMUSG00000035407	Kank4
Kansl1l	ENSG00000144445	ENSMUSG00000026004	Kansl1l
Kat2a	ENSG00000108773	ENSMUSG00000020918	Kat2a
Kat2b	ENSG00000114166	ENSMUSG00000000708	Kat2b
Kat6b	ENSG00000156650	ENSMUSG00000021767	Kat6b
Katnal2	ENSG00000167216	ENSMUSG00000025420	Katnal2
Katnbl1	ENSG00000134152	ENSMUSG00000027132	Katnbl1
Kazn	ENSG00000189337	ENSMUSG00000040606	Kazn
Kcnab1	ENSG00000169282	ENSMUSG00000027827	Kcnab1
Kcnb2	NA	ENSMUSG00000092083	Kcnb2
Kcnd2	ENSG00000184408	ENSMUSG00000060882	Kcnd2
Kcnd3	ENSG00000171385	ENSMUSG00000040896	Kcnd3
Kcnh1	ENSG00000143473	ENSMUSG00000058248	Kcnh1
Kcnh7	ENSG00000184611	ENSMUSG00000059742	Kcnh7
Kcnip1	ENSG00000182132	ENSMUSG00000053519	Kcnip1
Kcnip4	ENSG00000185774	ENSMUSG00000029088	Kcnip4
Kcnj3	ENSG00000162989	ENSMUSG00000026824	Kcnj3
Kcnk2	ENSG00000082482	ENSMUSG00000037624	Kcnk2
Kcnma1	ENSG00000156113	ENSMUSG00000063142	Kcnma1
Kcnmb2	ENSG00000197584	ENSMUSG00000037610	Kcnmb2
Kcnmb4	ENSG00000135643	ENSMUSG00000054934	Kcnmb4
Kcnn2	ENSG00000080709	ENSMUSG00000054477	Kcnn2
Kcnq1	ENSG00000053918	ENSMUSG00000009545	Kcnq1
Kcnq1ot1	NA	ENSMUSG00000101609	Kcnq1ot1
Kcnq3	ENSG00000184156	ENSMUSG00000056258	Kcnq3
Kcnq5	ENSG00000185760	ENSMUSG00000028033	Kcnq5
Kcnt2	ENSG00000162687	ENSMUSG00000052726	Kcnt2
Kctd1	ENSG00000134504	ENSMUSG00000036225	Kctd1
Kctd16	ENSG00000183775	ENSMUSG00000051401	Kctd16
Kctd8	ENSG00000183783	ENSMUSG00000037653	Kctd8
Kdelr1	ENSG00000105438	ENSMUSG00000002778	Kdelr1
Kdelr2	ENSG00000136240	ENSMUSG00000079111	Kdelr2
Kdm2b	ENSG00000089094	ENSMUSG00000029475	Kdm2b
Kdm3a	ENSG00000115548	ENSMUSG00000053470	Kdm3a
Kdm5d	ENSG00000012817	ENSMUSG00000056673	Kdm5d
Kdm6a	ENSG00000147050	ENSMUSG00000037369	Kdm6a
Kdm7a	ENSG00000006459	ENSMUSG00000042599	Kdm7a
Khdrbs2	ENSG00000112232	ENSMUSG00000026058	Khdrbs2
Khdrbs3	ENSG00000131773	ENSMUSG00000022332	Khdrbs3
Kidins220	ENSG00000134313	ENSMUSG00000036333	Kidins220
Kif11	ENSG00000138160	ENSMUSG00000012443	Kif11
Kif13b	ENSG00000197892	ENSMUSG00000060012	Kif13b
Kif15	ENSG00000163808	ENSMUSG00000036768	Kif15
Kif16b	NA	ENSMUSG00000038844	Kif16b
Kif18a	ENSG00000121621	ENSMUSG00000027115	Kif18a
Kif20a	ENSG00000112984	ENSMUSG00000003779	Kif20a
Kif20b	ENSG00000138182	ENSMUSG00000024795	Kif20b
Kif21a	ENSG00000139116	ENSMUSG00000022629	Kif21a
Kif22	ENSG00000079616	ENSMUSG00000030677	Kif22
Kif23	ENSG00000137807	ENSMUSG00000032254	Kif23
Kif26b	ENSG00000162849	ENSMUSG00000026494	Kif26b
Kif2c	ENSG00000142945	ENSMUSG00000028678	Kif2c
Kif4	ENSG00000090889	ENSMUSG00000034311	Kif4
Kif5c	ENSG00000168280	ENSMUSG00000026764	Kif5c
Kif6	ENSG00000164627	ENSMUSG00000023999	Kif6
Kifap3	ENSG00000075945	ENSMUSG00000026585	Kifap3
Kifc1	ENSG00000237649	ENSMUSG00000079553	Kifc1
Kifc5b	ENSG00000237649	ENSMUSG00000024301	Kifc5b
Kin	ENSG00000151657	ENSMUSG00000037262	Kin
Kirrel3	ENSG00000149571	ENSMUSG00000032036	Kirrel3
Kit	ENSG00000157404	ENSMUSG00000005672	Kit
Kitl	ENSG00000049130	ENSMUSG00000019966	Kitl
Kiz	ENSG00000088970	ENSMUSG00000074749	Kiz
Klc1	ENSG00000126214	ENSMUSG00000021288	Klc1
Klf7	ENSG00000118263	ENSMUSG00000025959	Klf7
Klf8	ENSG00000102349	ENSMUSG00000041649	Klf8
Klhdc10	ENSG00000128607	ENSMUSG00000029775	Klhdc10
Klhl13	ENSG00000003096	ENSMUSG00000036782	Klhl13
Klhl17	ENSG00000187961	ENSMUSG00002076083	Klhl17
Klhl23	ENSG00000213160	ENSMUSG00000042155	Klhl23
Klhl29	ENSG00000119771	ENSMUSG00000020627	Klhl29
Klhl32	ENSG00000186231	ENSMUSG00000040387	Klhl32
Klhl5	ENSG00000109790	ENSMUSG00000054920	Klhl5
Klhl7	ENSG00000122550	ENSMUSG00000028986	Klhl7
Kmt2b	ENSG00000272333	ENSMUSG00000006307	Kmt2b
Kmt2e	ENSG00000005483	ENSMUSG00000029004	Kmt2e
Knop1	ENSG00000103550	ENSMUSG00000030980	Knop1
Knstrn	ENSG00000128944	ENSMUSG00000027331	Knstrn
Kntc1	ENSG00000184445	ENSMUSG00000029414	Kntc1
Kpna3	ENSG00000102753	ENSMUSG00000021929	Kpna3
Kpnb1	ENSG00000108424	ENSMUSG00000001440	Kpnb1
Kras	ENSG00000133703	ENSMUSG00000030265	Kras
Krr1	ENSG00000111615	ENSMUSG00000063334	Krr1
Krtcap2	ENSG00000163463	ENSMUSG00000042747	Krtcap2
L3mbtl3	ENSG00000198945	ENSMUSG00000039089	L3mbtl3
Lage3	ENSG00000196976	ENSMUSG00000015289	Lage3
Lama1	ENSG00000101680	ENSMUSG00000032796	Lama1
Lama2	ENSG00000196569	ENSMUSG00000019899	Lama2
Lama4	ENSG00000112769	ENSMUSG00000019846	Lama4
Lamb1	ENSG00000091136	ENSMUSG00000002900	Lamb1
Lamb2	ENSG00000172037	ENSMUSG00000052911	Lamb2
Lamb3	ENSG00000196878	ENSMUSG00000026639	Lamb3
Lamc2	ENSG00000058085	ENSMUSG00000026479	Lamc2
Lamp1	ENSG00000185896	ENSMUSG00000031447	Lamp1
Lancl2	ENSG00000132434	ENSMUSG00000062190	Lancl2
Laptm4b	ENSG00000104341	ENSMUSG00000022257	Laptm4b
Larp4	ENSG00000161813	ENSMUSG00000023025	Larp4
Larp7	ENSG00000174720	ENSMUSG00000027968	Larp7
Lbr	ENSG00000143815	ENSMUSG00000004880	Lbr
Lcorl	ENSG00000178177	ENSMUSG00000015882	Lcorl
Ldb2	ENSG00000169744	ENSMUSG00000039706	Ldb2
Ldha	NA	ENSMUSG00000063229	Ldha
Ldhb	ENSG00000111716	ENSMUSG00000030246	Ldhb
Ldlr	ENSG00000130164	ENSMUSG00000032193	Ldlr
Ldlrad4	ENSG00000168675	ENSMUSG00000024544	Ldlrad4
Lekr1	ENSG00000197980	ENSMUSG00000074579	Lekr1
Lepr	ENSG00000116678	ENSMUSG00000057722	Lepr
Leprot	ENSG00000213625	ENSMUSG00000035212	Leprot
Lgals1	ENSG00000100097	ENSMUSG00000068220	Lgals1
Lgi1	ENSG00000108231	ENSMUSG00000067242	Lgi1
Lgi2	ENSG00000153012	ENSMUSG00000039252	Lgi2
Lgr4	ENSG00000205213	ENSMUSG00000050199	Lgr4
Lgr5	ENSG00000139292	ENSMUSG00000020140	Lgr5
Lhfpl2	ENSG00000145685	ENSMUSG00000045312	Lhfpl2
Lhfpl3	ENSG00000187416	ENSMUSG00000106379	Lhfpl3
Lig1	ENSG00000105486	ENSMUSG00000056394	Lig1
Lima1	ENSG00000050405	ENSMUSG00000023022	Lima1
Limch1	ENSG00000064042	ENSMUSG00000037736	Limch1
Limd1	ENSG00000144791	ENSMUSG00000025239	Limd1
Lin28a	ENSG00000131914	ENSMUSG00000050966	Lin28a
Lin28b	ENSG00000187772	ENSMUSG00000063804	Lin28b
Lin7a	ENSG00000111052	ENSMUSG00000019906	Lin7a
Lingo2	ENSG00000174482	ENSMUSG00000045083	Lingo2
Liph	ENSG00000163898	ENSMUSG00000044626	Liph
Lix1	ENSG00000145721	ENSMUSG00000047786	Lix1
Lman1	ENSG00000074695	ENSMUSG00000041891	Lman1
Lman2	ENSG00000169223	ENSMUSG00000021484	Lman2
Lmbr1l	ENSG00000139636	ENSMUSG00000022999	Lmbr1l
Lmo1	ENSG00000166407	ENSMUSG00000036111	Lmo1
Lmo2	ENSG00000135363	ENSMUSG00000032698	Lmo2
Lmo3	ENSG00000048540	ENSMUSG00000030226	Lmo3
Lmo4	ENSG00000143013	ENSMUSG00000028266	Lmo4
Lmo7	ENSG00000136153	ENSMUSG00000033060	Lmo7
Lnpep	ENSG00000113441	ENSMUSG00000023845	Lnpep
Lnx1	ENSG00000072201	ENSMUSG00000029228	Lnx1
Lockd	NA	ENSMUSG00000098318	Lockd
Loxl1	ENSG00000129038	ENSMUSG00000032334	Loxl1
Lpar1	ENSG00000198121	ENSMUSG00000038668	Lpar1
Lpar4	ENSG00000147145	ENSMUSG00000049929	Lpar4
Lpar6	ENSG00000139679	ENSMUSG00000033446	Lpar6
Lpcat2	ENSG00000087253	ENSMUSG00000033192	Lpcat2
Lpgat1	ENSG00000123684	ENSMUSG00000026623	Lpgat1
Lpin1	ENSG00000134324	ENSMUSG00000020593	Lpin1
Lpl	ENSG00000175445	ENSMUSG00000015568	Lpl
Lpp	ENSG00000145012	ENSMUSG00000033306	Lpp
Lrba	ENSG00000198589	ENSMUSG00000028080	Lrba
Lrch1	ENSG00000136141	ENSMUSG00000068015	Lrch1
Lrch2	ENSG00000130224	ENSMUSG00000031290	Lrch2
Lrfn4	ENSG00000173621	ENSMUSG00000045045	Lrfn4
Lrfn5	ENSG00000165379	ENSMUSG00000035653	Lrfn5
Lrif1	ENSG00000121931	ENSMUSG00000056260	Lrif1
Lrig1	ENSG00000144749	ENSMUSG00000030029	Lrig1
Lrig3	ENSG00000139263	ENSMUSG00000020105	Lrig3
Lrp12	ENSG00000147650	ENSMUSG00000022305	Lrp12
Lrp1b	ENSG00000168702	ENSMUSG00000049252	Lrp1b
Lrp3	ENSG00000130881	ENSMUSG00000001802	Lrp3
Lrp4	ENSG00000134569	ENSMUSG00000027253	Lrp4
Lrp8	ENSG00000157193	ENSMUSG00000028613	Lrp8
Lrrc17	ENSG00000128606	ENSMUSG00000039883	Lrrc17
Lrrc20	ENSG00000172731	ENSMUSG00000037151	Lrrc20
Lrrc3b	ENSG00000179796	ENSMUSG00000045201	Lrrc3b
Lrrc42	ENSG00000116212	ENSMUSG00000028617	Lrrc42
Lrrc4c	ENSG00000148948	ENSMUSG00000050587	Lrrc4c
Lrrc58	ENSG00000163428	ENSMUSG00000034158	Lrrc58
Lrrc59	ENSG00000108829	ENSMUSG00000020869	Lrrc59
Lrrc7	ENSG00000033122	ENSMUSG00000028176	Lrrc7
Lrrc8b	ENSG00000197147	ENSMUSG00000070639	Lrrc8b
Lrrc8c	ENSG00000171488	ENSMUSG00000054720	Lrrc8c
Lrrc8d	ENSG00000171492	ENSMUSG00000046079	Lrrc8d
Lrrcc1	ENSG00000133739	ENSMUSG00000027550	Lrrcc1
Lrrfip1	ENSG00000124831	ENSMUSG00000026305	Lrrfip1
Lrrk2	ENSG00000188906	ENSMUSG00000036273	Lrrk2
Lrrn1	ENSG00000175928	ENSMUSG00000034648	Lrrn1
Lrrtm3	ENSG00000198739	ENSMUSG00000042846	Lrrtm3
Lrrtm4	ENSG00000176204	ENSMUSG00000052581	Lrrtm4
Lrsam1	ENSG00000148356	ENSMUSG00000026792	Lrsam1
Lsamp	ENSG00000185565	ENSMUSG00000061080	Lsamp
Lsm5	ENSG00000106355	ENSMUSG00000091625	Lsm5
Lsm6	ENSG00000164167	ENSMUSG00000031683	Lsm6
Lsm7	ENSG00000130332	ENSMUSG00000035215	Lsm7
Lsm8	ENSG00000128534	ENSMUSG00000044155	Lsm8
Lsr	ENSG00000105699	ENSMUSG00000001247	Lsr
Lss	ENSG00000160285	ENSMUSG00000033105	Lss
Ltbp1	ENSG00000049323	ENSMUSG00000001870	Ltbp1
Ltv1	ENSG00000135521	ENSMUSG00000019814	Ltv1
Luc7l3	ENSG00000108848	ENSMUSG00000020863	Luc7l3
Lum	ENSG00000139329	ENSMUSG00000036446	Lum
Luzp1	ENSG00000169641	ENSMUSG00000001089	Luzp1
Luzp2	ENSG00000187398	ENSMUSG00000063297	Luzp2
Ly75	ENSG00000054219	ENSMUSG00000026980	Ly75
Ly86	ENSG00000112799	ENSMUSG00000021423	Ly86
Lyar	ENSG00000145220	ENSMUSG00000067367	Lyar
Lyn	ENSG00000254087	ENSMUSG00000042228	Lyn
Lypd1	ENSG00000150551	ENSMUSG00000026344	Lypd1
Lypd6	ENSG00000187123	ENSMUSG00000050447	Lypd6
Lypd6b	ENSG00000150556	ENSMUSG00000026765	Lypd6b
Lyrm4	ENSG00000214113	ENSMUSG00000046573	Lyrm4
Lyrm7	ENSG00000186687	ENSMUSG00000020268	Lyrm7
Lztfl1	ENSG00000163818	ENSMUSG00000025245	Lztfl1
Lzts1	ENSG00000061337	ENSMUSG00000036306	Lzts1
M6pr	ENSG00000003056	ENSMUSG00000007458	M6pr
Mab21l1	ENSG00000180660	ENSMUSG00000056947	Mab21l1
Mab21l2	ENSG00000181541	ENSMUSG00000057777	Mab21l2
Macrod1	ENSG00000133315	ENSMUSG00000036278	Macrod1
Macrod2	ENSG00000172264	ENSMUSG00000068205	Macrod2
Mad2l1	ENSG00000164109	ENSMUSG00000029910	Mad2l1
Mageb18	ENSG00000176774	ENSMUSG00000067649	Mageb18
Maged1	ENSG00000179222	ENSMUSG00000025151	Maged1
Maged2	ENSG00000102316	ENSMUSG00000025268	Maged2
Magel2	ENSG00000254585	ENSMUSG00000056972	Magel2
Magi1	ENSG00000151276	ENSMUSG00000045095	Magi1
Magi2	ENSG00000187391	ENSMUSG00000040003	Magi2
Magi3	ENSG00000081026	ENSMUSG00000052539	Magi3
Magoh	ENSG00000162385	ENSMUSG00000028609	Magoh
Mak16	ENSG00000198042	ENSMUSG00000031578	Mak16
Malat1	NA	ENSMUSG00000092341	Malat1
Malsu1	ENSG00000156928	ENSMUSG00000029815	Malsu1
Malt1	ENSG00000172175	ENSMUSG00000032688	Malt1
Mamdc2	ENSG00000165072	ENSMUSG00000033207	Mamdc2
Maml2	ENSG00000184384	ENSMUSG00000031925	Maml2
Maml3	ENSG00000196782	ENSMUSG00000061143	Maml3
Man1a	ENSG00000111885	ENSMUSG00000003746	Man1a
Man1a2	ENSG00000198162	ENSMUSG00000008763	Man1a2
Man1c1	ENSG00000117643	ENSMUSG00000037306	Man1c1
Man2a1	ENSG00000112893	ENSMUSG00000024085	Man2a1
Manea	ENSG00000172469	ENSMUSG00000040520	Manea
Manf	ENSG00000145050	ENSMUSG00000032575	Manf
Maoa	ENSG00000189221	ENSMUSG00000025037	Maoa
Map1b	ENSG00000131711	ENSMUSG00000052727	Map1b
Map2	ENSG00000078018	ENSMUSG00000015222	Map2
Map3k5	ENSG00000197442	ENSMUSG00000071369	Map3k5
Map7d2	ENSG00000184368	ENSMUSG00000041020	Map7d2
Mapk10	ENSG00000109339	ENSMUSG00000046709	Mapk10
Mapk12	ENSG00000188130	ENSMUSG00000022610	Mapk12
Mapk1ip1l	ENSG00000168175	ENSMUSG00000021840	Mapk1ip1l
Mapk4	ENSG00000141639	ENSMUSG00000024558	Mapk4
Mapre2	ENSG00000166974	ENSMUSG00000024277	Mapre2
Marcks	ENSG00000277443	ENSMUSG00000069662	Marcks
Marcksl1	ENSG00000175130	ENSMUSG00000047945	Marcksl1
Marveld1	ENSG00000155254	ENSMUSG00000044345	Marveld1
Mast4	ENSG00000069020	ENSMUSG00000034751	Mast4
Mastl	ENSG00000120539	ENSMUSG00000026779	Mastl
Mat2a	ENSG00000168906	ENSMUSG00000053907	Mat2a
Matn1	ENSG00000162510	ENSMUSG00000040533	Matn1
Matn4	ENSG00000124159	ENSMUSG00000016995	Matn4
Matr3	ENSG00000015479	ENSMUSG00000037236	Matr3
Mb21d2	ENSG00000180611	ENSMUSG00000051065	Mb21d2
Mbd2	ENSG00000134046	ENSMUSG00000024513	Mbd2
Mbd3	ENSG00000071655	ENSMUSG00000035478	Mbd3
Mbd4	ENSG00000129071	ENSMUSG00000030322	Mbd4
Mblac2	ENSG00000176055	ENSMUSG00000051098	Mblac2
Mbnl1	ENSG00000152601	ENSMUSG00000027763	Mbnl1
Mbnl2	ENSG00000139793	ENSMUSG00000022139	Mbnl2
Mbnl3	ENSG00000076770	ENSMUSG00000036109	Mbnl3
Mboat1	ENSG00000172197	ENSMUSG00000038732	Mboat1
Mboat2	ENSG00000143797	ENSMUSG00000020646	Mboat2
Mbtd1	ENSG00000011258	ENSMUSG00000059474	Mbtd1
Mcc	ENSG00000171444	ENSMUSG00000071856	Mcc
Mcfd2	ENSG00000180398	ENSMUSG00000024150	Mcfd2
Mcl1	ENSG00000143384	ENSMUSG00000038612	Mcl1
Mcm10	ENSG00000065328	ENSMUSG00000026669	Mcm10
Mcm2	ENSG00000073111	ENSMUSG00000002870	Mcm2
Mcm3	ENSG00000112118	ENSMUSG00000041859	Mcm3
Mcm4	ENSG00000104738	ENSMUSG00000022673	Mcm4
Mcm5	ENSG00000100297	ENSMUSG00000005410	Mcm5
Mcm6	ENSG00000076003	ENSMUSG00000026355	Mcm6
Mcm7	ENSG00000166508	ENSMUSG00000029730	Mcm7
Mcm8	ENSG00000125885	ENSMUSG00000027353	Mcm8
Mcm9	ENSG00000111877	ENSMUSG00000058298	Mcm9
Mcmbp	ENSG00000197771	ENSMUSG00000048170	Mcmbp
Mcph1	ENSG00000147316	ENSMUSG00000039842	Mcph1
Mcrs1	ENSG00000187778	ENSMUSG00000037570	Mcrs1
Mctp1	ENSG00000175471	ENSMUSG00000021596	Mctp1
Mctp2	ENSG00000140563	ENSMUSG00000032776	Mctp2
Mcu	ENSG00000156026	ENSMUSG00000009647	Mcu
Mdc1	ENSG00000137337	ENSMUSG00000061607	Mdc1
Mdfic	ENSG00000135272	ENSMUSG00000041390	Mdfic
Mdga2	ENSG00000139915	ENSMUSG00000034912	Mdga2
Mdh1	ENSG00000014641	ENSMUSG00000020321	Mdh1
Mdk	ENSG00000110492	ENSMUSG00000027239	Mdk
Mdn1	ENSG00000112159	ENSMUSG00000058006	Mdn1
Me1	ENSG00000065833	ENSMUSG00000032418	Me1
Med10	NA	ENSMUSG00000021598	Med10
Med12l	ENSG00000144893	ENSMUSG00000056476	Med12l
Med24	ENSG00000008838	ENSMUSG00000017210	Med24
Med25	ENSG00000104973	ENSMUSG00000002968	Med25
Med28	ENSG00000118579	ENSMUSG00000015804	Med28
Med31	ENSG00000108590	ENSMUSG00000020801	Med31
Med8	ENSG00000159479	ENSMUSG00000006392	Med8
Meg3	NA	ENSMUSG00000021268	Meg3
Megf10	ENSG00000145794	ENSMUSG00000024593	Megf10
Megf11	ENSG00000157890	ENSMUSG00000036466	Megf11
Megf9	ENSG00000106780	ENSMUSG00000039270	Megf9
Mei4	ENSG00000269964	ENSMUSG00000043289	Mei4
Men1	ENSG00000133895	ENSMUSG00000024947	Men1
Mertk	ENSG00000153208	ENSMUSG00000014361	Mertk
Mest	ENSG00000106484	ENSMUSG00000051855	Mest
Met	ENSG00000105976	ENSMUSG00000009376	Met
Metap1d	ENSG00000172878	ENSMUSG00000041921	Metap1d
Mettl15	ENSG00000169519	ENSMUSG00000057234	Mettl15
Mettl18	ENSG00000171806	ENSMUSG00000041396	Mettl18
Mettl25	ENSG00000127720	ENSMUSG00000036009	Mettl25
Mettl4-ps1	NA	ENSMUSG00000079356	Mettl4-ps1
Mex3a	ENSG00000254726	ENSMUSG00000074480	Mex3a
Mex3b	ENSG00000183496	ENSMUSG00000057706	Mex3b
Mex3c	ENSG00000176624	ENSMUSG00000037253	Mex3c
Mfap3l	ENSG00000198948	ENSMUSG00000031647	Mfap3l
Mfhas1	ENSG00000147324	ENSMUSG00000070056	Mfhas1
Mfsd1	ENSG00000118855	ENSMUSG00000027775	Mfsd1
Mfsd10	ENSG00000109736	ENSMUSG00000001082	Mfsd10
Mfsd14a	ENSG00000156875	ENSMUSG00000089911	Mfsd14a
Mgat4a	ENSG00000071073	ENSMUSG00000026110	Mgat4a
Mgat4c	ENSG00000182050	ENSMUSG00000019888	Mgat4c
Mgat5	ENSG00000152127	ENSMUSG00000036155	Mgat5
Mgmt	ENSG00000170430	ENSMUSG00000054612	Mgmt
Mgst1	ENSG00000008394	ENSMUSG00000008540	Mgst1
Miat	NA	ENSMUSG00000097767	Miat
Micall1	ENSG00000100139	ENSMUSG00000033039	Micall1
Mid1	ENSG00000101871	ENSMUSG00000035299	Mid1
Mid2	ENSG00000080561	ENSMUSG00000000266	Mid2
Mif	ENSG00000240972	ENSMUSG00000033307	Mif
Mios	ENSG00000164654	ENSMUSG00000042447	Mios
Mipol1	ENSG00000151338	ENSMUSG00000047022	Mipol1
Mir5136	NA	ENSMUSG00000093314	Mir5136
Mir99ahg	NA	ENSMUSG00000090386	Mir99ahg
Mirg	NA	ENSMUSG00000097391	Mirg
Mis18a	ENSG00000159055	ENSMUSG00000022978	Mis18a
Mis18bp1	ENSG00000129534	ENSMUSG00000047534	Mis18bp1
Mitd1	ENSG00000158411	ENSMUSG00000026088	Mitd1
Mki67	ENSG00000148773	ENSMUSG00000031004	Mki67
Mkrn1	ENSG00000133606	ENSMUSG00000029922	Mkrn1
Mkx	ENSG00000150051	ENSMUSG00000061013	Mkx
Mlec	ENSG00000110917	ENSMUSG00000048578	Mlec
Mllt3	ENSG00000171843	ENSMUSG00000028496	Mllt3
Mllt6	ENSG00000275023	ENSMUSG00000038437	Mllt6
Mmd	ENSG00000108960	ENSMUSG00000003948	Mmd
Mme	ENSG00000196549	ENSMUSG00000027820	Mme
Mmgt1	ENSG00000169446	ENSMUSG00000061273	Mmgt1
Mmp16	ENSG00000156103	ENSMUSG00000028226	Mmp16
Mmp2	ENSG00000087245	ENSMUSG00000031740	Mmp2
Mms22l	ENSG00000146263	ENSMUSG00000045751	Mms22l
Mn1	ENSG00000169184	ENSMUSG00000070576	Mn1
Mnd1	ENSG00000121211	ENSMUSG00000033752	Mnd1
Mns1	ENSG00000138587	ENSMUSG00000032221	Mns1
Mob3b	ENSG00000120162	ENSMUSG00000073910	Mob3b
Mogat2	ENSG00000166391	ENSMUSG00000052396	Mogat2
Mogs	ENSG00000115275	ENSMUSG00000030036	Mogs
Morc4	ENSG00000133131	ENSMUSG00000031434	Morc4
Mospd1	ENSG00000101928	ENSMUSG00000023074	Mospd1
Moxd1	ENSG00000079931	ENSMUSG00000020000	Moxd1
Mphosph10	ENSG00000124383	ENSMUSG00000030521	Mphosph10
Mphosph6	ENSG00000135698	ENSMUSG00000031843	Mphosph6
Mphosph8	ENSG00000196199	ENSMUSG00000079184	Mphosph8
Mpp7	ENSG00000150054	ENSMUSG00000057440	Mpp7
Mpped2	ENSG00000066382	ENSMUSG00000016386	Mpped2
Mpzl1	ENSG00000197965	ENSMUSG00000026566	Mpzl1
Mrfap1	ENSG00000170846	ENSMUSG00000055302	Mrfap1
Mrgbp	ENSG00000101189	ENSMUSG00000027569	Mrgbp
Mrto4	ENSG00000053372	ENSMUSG00000028741	Mrto4
Msantd4	ENSG00000170903	ENSMUSG00000041124	Msantd4
Msh2	ENSG00000095002	ENSMUSG00000024151	Msh2
Msh3	ENSG00000113318	ENSMUSG00000014850	Msh3
Msh5	ENSG00000204410	ENSMUSG00000007035	Msh5
Msh6	ENSG00000116062	ENSMUSG00000005370	Msh6
Msi2	ENSG00000153944	ENSMUSG00000069769	Msi2
Msmo1	ENSG00000052802	ENSMUSG00000031604	Msmo1
Msn	ENSG00000147065	ENSMUSG00000031207	Msn
Msra	ENSG00000175806	ENSMUSG00000054733	Msra
Msrb3	ENSG00000174099	ENSMUSG00000051236	Msrb3
Mta3	ENSG00000057935	ENSMUSG00000055817	Mta3
Mtcl1	ENSG00000168502	ENSMUSG00000052105	Mtcl1
Mtdh	ENSG00000147649	ENSMUSG00000022255	Mtdh
Mthfd1l	ENSG00000120254	ENSMUSG00000040675	Mthfd1l
Mthfd2	ENSG00000065911	ENSMUSG00000005667	Mthfd2
Mthfd2l	ENSG00000163738	ENSMUSG00000029376	Mthfd2l
Mthfs	ENSG00000136371	ENSMUSG00000066442	Mthfs
Mtm1	ENSG00000171100	ENSMUSG00000031337	Mtm1
Mtmr14	ENSG00000163719	ENSMUSG00000030269	Mtmr14
Mtmr7	ENSG00000003987	ENSMUSG00000039431	Mtmr7
Mtss1	ENSG00000170873	ENSMUSG00000022353	Mtss1
Mttp	ENSG00000138823	ENSMUSG00000028158	Mttp
Mtus1	ENSG00000129422	ENSMUSG00000045636	Mtus1
Mtus2	ENSG00000132938	ENSMUSG00000029651	Mtus2
Mtx2	ENSG00000128654	ENSMUSG00000027099	Mtx2
Mutyh	ENSG00000132781	ENSMUSG00000028687	Mutyh
Mxd4	ENSG00000123933	ENSMUSG00000037235	Mxd4
Mxra8	ENSG00000162576	ENSMUSG00000029070	Mxra8
Mybbp1a	ENSG00000132382	ENSMUSG00000040463	Mybbp1a
Mybpc1	ENSG00000196091	ENSMUSG00000020061	Mybpc1
Mycn	ENSG00000134323	ENSMUSG00000037169	Mycn
Myh3	ENSG00000109063	ENSMUSG00000020908	Myh3
Mylip	ENSG00000007944	ENSMUSG00000038175	Mylip
Mylk	ENSG00000065534	ENSMUSG00000022836	Mylk
Myo10	ENSG00000145555	ENSMUSG00000022272	Myo10
Myo16	ENSG00000041515	ENSMUSG00000039057	Myo16
Myo19	ENSG00000278259	ENSMUSG00000020527	Myo19
Myo1d	ENSG00000176658	ENSMUSG00000035441	Myo1d
Myo1e	ENSG00000157483	ENSMUSG00000032220	Myo1e
Myo6	ENSG00000196586	ENSMUSG00000033577	Myo6
Myof	ENSG00000138119	ENSMUSG00000048612	Myof
Naa20	ENSG00000173418	ENSMUSG00000002728	Naa20
Naa30	ENSG00000139977	ENSMUSG00000036282	Naa30
Naa38	ENSG00000183011	ENSMUSG00000059278	Naa38
Naaladl2	ENSG00000177694	ENSMUSG00000102758	Naaladl2
Naca	ENSG00000196531	ENSMUSG00000061315	Naca
Nadk2	ENSG00000152620	ENSMUSG00000022253	Nadk2
Naf1	ENSG00000145414	ENSMUSG00000014907	Naf1
Nagk	ENSG00000124357	ENSMUSG00000034744	Nagk
Nalcn	ENSG00000102452	ENSMUSG00000000197	Nalcn
Nampt	ENSG00000105835	ENSMUSG00000020572	Nampt
Nap1l1	ENSG00000187109	ENSMUSG00000058799	Nap1l1
Napg	ENSG00000134265	ENSMUSG00000024581	Napg
Nasp	ENSG00000132780	ENSMUSG00000028693	Nasp
Nat10	ENSG00000135372	ENSMUSG00000027185	Nat10
Nav2	ENSG00000166833	ENSMUSG00000052512	Nav2
Nav3	ENSG00000067798	ENSMUSG00000020181	Nav3
Nbea	ENSG00000172915	ENSMUSG00000027799	Nbea
Nbeal1	ENSG00000144426	ENSMUSG00000073664	Nbeal1
Ncald	ENSG00000104490	ENSMUSG00000051359	Ncald
Ncam1	ENSG00000149294	ENSMUSG00000039542	Ncam1
Ncam2	ENSG00000154654	ENSMUSG00000022762	Ncam2
Ncapg	ENSG00000109805	ENSMUSG00000015880	Ncapg
Ncapg2	ENSG00000146918	ENSMUSG00000042029	Ncapg2
Ncbp1	ENSG00000136937	ENSMUSG00000028330	Ncbp1
Nckap5	ENSG00000176771	ENSMUSG00000049690	Nckap5
Ncl	ENSG00000115053	ENSMUSG00000026234	Ncl
Ncoa1	ENSG00000084676	ENSMUSG00000020647	Ncoa1
Ncoa7	ENSG00000111912	ENSMUSG00000039697	Ncoa7
Ndc1	ENSG00000058804	ENSMUSG00000028614	Ndc1
Ndnf	ENSG00000173376	ENSMUSG00000049001	Ndnf
Ndst3	ENSG00000164100	ENSMUSG00000027977	Ndst3
Ndst4	ENSG00000138653	ENSMUSG00000027971	Ndst4
Ndufa1	ENSG00000125356	ENSMUSG00000016427	Ndufa1
Ndufa11	ENSG00000174886	ENSMUSG00000002379	Ndufa11
Ndufa12	ENSG00000184752	ENSMUSG00000020022	Ndufa12
Ndufa2	ENSG00000131495	ENSMUSG00000014294	Ndufa2
Ndufa3	ENSG00000170906	ENSMUSG00000035674	Ndufa3
Ndufa4	ENSG00000189043	ENSMUSG00000029632	Ndufa4
Ndufa5	ENSG00000128609	ENSMUSG00000023089	Ndufa5
Ndufa6	ENSG00000184983	ENSMUSG00000022450	Ndufa6
Ndufa7	ENSG00000267855	ENSMUSG00000041881	Ndufa7
Ndufaf2	ENSG00000164182	ENSMUSG00000068184	Ndufaf2
Ndufaf4	ENSG00000123545	ENSMUSG00000028261	Ndufaf4
Ndufb11	ENSG00000147123	ENSMUSG00000031059	Ndufb11
Ndufb2	ENSG00000090266	ENSMUSG00000002416	Ndufb2
Ndufb4	ENSG00000065518	ENSMUSG00000022820	Ndufb4
Ndufb5	ENSG00000136521	ENSMUSG00000027673	Ndufb5
Ndufb6	ENSG00000165264	ENSMUSG00000071014	Ndufb6
Ndufb7	ENSG00000099795	ENSMUSG00000033938	Ndufb7
Ndufb9	ENSG00000147684	ENSMUSG00000022354	Ndufb9
Ndufc1	ENSG00000109390	ENSMUSG00000037152	Ndufc1
Ndufc2	ENSG00000151366	ENSMUSG00000030647	Ndufc2
Ndufs3	ENSG00000213619	ENSMUSG00000005510	Ndufs3
Ndufs6	ENSG00000145494	ENSMUSG00000021606	Ndufs6
Ndufs7	ENSG00000115286	ENSMUSG00000020153	Ndufs7
Neat1	NA	ENSMUSG00000092274	Neat1
Neb	ENSG00000183091	ENSMUSG00000026950	Neb
Nebl	ENSG00000078114	ENSMUSG00000053702	Nebl
Nectin3	ENSG00000177707	ENSMUSG00000022656	Nectin3
Nedd1	ENSG00000139350	ENSMUSG00000019988	Nedd1
Nedd4l	ENSG00000049759	ENSMUSG00000024589	Nedd4l
Nedd8	ENSG00000129559	ENSMUSG00000010376	Nedd8
Nedd9	ENSG00000111859	ENSMUSG00000021365	Nedd9
Negr1	ENSG00000172260	ENSMUSG00000040037	Negr1
Neil3	ENSG00000109674	ENSMUSG00000039396	Neil3
Nek7	ENSG00000151414	ENSMUSG00000026393	Nek7
Nell1	ENSG00000165973	ENSMUSG00000055409	Nell1
Nell2	ENSG00000184613	ENSMUSG00000022454	Nell2
Nemp1	ENSG00000166881	ENSMUSG00000040195	Nemp1
Neo1	ENSG00000067141	ENSMUSG00000032340	Neo1
Neto2	ENSG00000171208	ENSMUSG00000036902	Neto2
Nexn	ENSG00000162614	ENSMUSG00000039103	Nexn
Nfkbiz	ENSG00000144802	ENSMUSG00000035356	Nfkbiz
Nfs1	ENSG00000244005	ENSMUSG00000027618	Nfs1
Nfxl1	ENSG00000170448	ENSMUSG00000072889	Nfxl1
Ngf	ENSG00000134259	ENSMUSG00000027859	Ngf
Nhp2	ENSG00000145912	ENSMUSG00000001056	Nhp2
Nhs	ENSG00000188158	ENSMUSG00000059493	Nhs
Nhsl1	ENSG00000135540	ENSMUSG00000039835	Nhsl1
Nhsl2	ENSG00000204131	ENSMUSG00000079481	Nhsl2
Nid1	ENSG00000116962	ENSMUSG00000005397	Nid1
Nifk	ENSG00000155438	ENSMUSG00000026377	Nifk
Ninl	ENSG00000101004	ENSMUSG00000068115	Ninl
Nip7	ENSG00000132603	ENSMUSG00000031917	Nip7
Nipal2	ENSG00000104361	ENSMUSG00000038879	Nipal2
Nkain2	ENSG00000188580	ENSMUSG00000069670	Nkain2
Nkain3	ENSG00000185942	ENSMUSG00000055761	Nkain3
Nkain4	ENSG00000101198	ENSMUSG00000027574	Nkain4
Nkd2	ENSG00000145506	ENSMUSG00000021567	Nkd2
Nlgn1	ENSG00000169760	ENSMUSG00000063887	Nlgn1
Nln	ENSG00000123213	ENSMUSG00000021710	Nln
Nlrp5-ps	NA	ENSMUSG00000121301	Nlrp5-ps
Nmd3	ENSG00000169251	ENSMUSG00000027787	Nmd3
Nmnat2	ENSG00000157064	ENSMUSG00000042751	Nmnat2
Nmral1	ENSG00000153406	ENSMUSG00000063445	Nmral1
Nmt2	ENSG00000152465	ENSMUSG00000026643	Nmt2
Nnat	NA	ENSMUSG00000067786	Nnat
Noa1	ENSG00000084092	ENSMUSG00000036285	Noa1
Noc2l	ENSG00000188976	ENSMUSG00000095567	Noc2l
Nol4	ENSG00000101746	ENSMUSG00000041923	Nol4
Nol7	ENSG00000225921	ENSMUSG00000063200	Nol7
Nol8	ENSG00000198000	ENSMUSG00000021392	Nol8
Nolc1	ENSG00000166197	ENSMUSG00000015176	Nolc1
Nop10	ENSG00000182117	ENSMUSG00000027133	Nop10
Nop56	ENSG00000101361	ENSMUSG00000027405	Nop56
Nop58	ENSG00000055044	ENSMUSG00000026020	Nop58
Nos1ap	ENSG00000198929	ENSMUSG00000038473	Nos1ap
Notch1	ENSG00000148400	ENSMUSG00000026923	Notch1
Notch3	ENSG00000074181	ENSMUSG00000038146	Notch3
Nova1	ENSG00000139910	ENSMUSG00000021047	Nova1
Nox4	ENSG00000086991	ENSMUSG00000030562	Nox4
Npas3	ENSG00000151322	ENSMUSG00000021010	Npas3
Npc2	ENSG00000119655	ENSMUSG00000021242	Npc2
Npffr2	ENSG00000056291	ENSMUSG00000035528	Npffr2
Npl	ENSG00000135838	ENSMUSG00000042684	Npl
Npm1	NA	ENSMUSG00000057113	Npm1
Npm3	ENSG00000107833	ENSMUSG00000056209	Npm3
Npnt	ENSG00000168743	ENSMUSG00000040998	Npnt
Npr3	ENSG00000113389	ENSMUSG00000022206	Npr3
Nrcam	ENSG00000091129	ENSMUSG00000020598	Nrcam
Nrg1	ENSG00000157168	ENSMUSG00000062991	Nrg1
Nrg3	ENSG00000185737	ENSMUSG00000041014	Nrg3
Nrip1	ENSG00000180530	ENSMUSG00000048490	Nrip1
Nrk	ENSG00000123572	ENSMUSG00000052854	Nrk
Nrp1	ENSG00000099250	ENSMUSG00000025810	Nrp1
Nrp2	ENSG00000118257	ENSMUSG00000025969	Nrp2
Nrxn1	ENSG00000179915	ENSMUSG00000024109	Nrxn1
Nrxn3	ENSG00000021645	ENSMUSG00000066392	Nrxn3
Nsdhl	ENSG00000147383	ENSMUSG00000031349	Nsdhl
Nsmaf	ENSG00000035681	ENSMUSG00000028245	Nsmaf
Nsmce1	ENSG00000169189	ENSMUSG00000030750	Nsmce1
Nsun2	ENSG00000037474	ENSMUSG00000021595	Nsun2
Nsun3	ENSG00000178694	ENSMUSG00000050312	Nsun3
Nsun7	ENSG00000179299	ENSMUSG00000029206	Nsun7
Nt5dc1	ENSG00000178425	ENSMUSG00000039480	Nt5dc1
Nt5dc2	ENSG00000168268	ENSMUSG00000071547	Nt5dc2
Ntf3	ENSG00000185652	ENSMUSG00000049107	Ntf3
Ntm	ENSG00000182667	ENSMUSG00000059974	Ntm
Ntn1	ENSG00000065320	ENSMUSG00000020902	Ntn1
Ntn4	ENSG00000074527	ENSMUSG00000020019	Ntn4
Ntng1	ENSG00000162631	ENSMUSG00000059857	Ntng1
Ntrk2	ENSG00000148053	ENSMUSG00000055254	Ntrk2
Ntrk3	ENSG00000140538	ENSMUSG00000059146	Ntrk3
Nuak1	ENSG00000074590	ENSMUSG00000020032	Nuak1
Nucb2	ENSG00000070081	ENSMUSG00000030659	Nucb2
Nudc	ENSG00000090273	ENSMUSG00000028851	Nudc
Nudcd2	ENSG00000170584	ENSMUSG00000020328	Nudcd2
Nudt1	ENSG00000106268	ENSMUSG00000036639	Nudt1
Nudt4	ENSG00000173598	ENSMUSG00000020029	Nudt4
Nufip2	ENSG00000108256	ENSMUSG00000037857	Nufip2
Nup153	ENSG00000124789	ENSMUSG00000021374	Nup153
Nup210	ENSG00000132182	ENSMUSG00000030091	Nup210
Nup210l	ENSG00000143552	ENSMUSG00000027939	Nup210l
Nup54	ENSG00000138750	ENSMUSG00000034826	Nup54
Nup85	ENSG00000125450	ENSMUSG00000020739	Nup85
Nus1	ENSG00000153989	ENSMUSG00000023068	Nus1
Nusap1	ENSG00000137804	ENSMUSG00000027306	Nusap1
Nxn	ENSG00000167693	ENSMUSG00000020844	Nxn
Nxpe3	ENSG00000144815	ENSMUSG00000075033	Nxpe3
Nxph1	ENSG00000122584	ENSMUSG00000046178	Nxph1
Oard1	ENSG00000124596	ENSMUSG00000040771	Oard1
Oaz1	ENSG00000104904	ENSMUSG00000035242	Oaz1
Odc1	ENSG00000115758	ENSMUSG00000011179	Odc1
Odf2	ENSG00000136811	ENSMUSG00000026790	Odf2
Odf4	NA	ENSMUSG00000032921	Odf4
Ofd1	ENSG00000046651	ENSMUSG00000040586	Ofd1
Ogfrl1	ENSG00000119900	ENSMUSG00000026158	Ogfrl1
Olfm1	ENSG00000130558	ENSMUSG00000026833	Olfm1
Oma1	ENSG00000162600	ENSMUSG00000035069	Oma1
Opa1	ENSG00000198836	ENSMUSG00000038084	Opa1
Opcml	ENSG00000183715	ENSMUSG00000062257	Opcml
Ophn1	ENSG00000079482	ENSMUSG00000031214	Ophn1
Oplah	ENSG00000178814	ENSMUSG00000022562	Oplah
Optn	ENSG00000123240	ENSMUSG00000026672	Optn
Orc1	ENSG00000085840	ENSMUSG00000028587	Orc1
Orc6	ENSG00000091651	ENSMUSG00000031697	Orc6
Osbp	ENSG00000110048	ENSMUSG00000024687	Osbp
Osbpl10	ENSG00000144645	ENSMUSG00000040875	Osbpl10
Osbpl3	ENSG00000070882	ENSMUSG00000029822	Osbpl3
Osbpl6	ENSG00000079156	ENSMUSG00000042359	Osbpl6
Osbpl7	ENSG00000006025	ENSMUSG00000038534	Osbpl7
Osbpl8	ENSG00000091039	ENSMUSG00000020189	Osbpl8
Osgep	ENSG00000092094	ENSMUSG00000006289	Osgep
Osgepl1	ENSG00000128694	ENSMUSG00000026096	Osgepl1
Osgin2	ENSG00000164823	ENSMUSG00000041153	Osgin2
Ost4	ENSG00000228474	ENSMUSG00000038803	Ost4
Ostc	ENSG00000198856	ENSMUSG00000041084	Ostc
Otud4	ENSG00000164164	ENSMUSG00000036990	Otud4
Otud6b	ENSG00000155100	ENSMUSG00000040550	Otud6b
Oxct1	ENSG00000083720	ENSMUSG00000022186	Oxct1
Oxr1	ENSG00000164830	ENSMUSG00000022307	Oxr1
P3h2	ENSG00000090530	ENSMUSG00000038168	P3h2
P3h3	ENSG00000110811	ENSMUSG00000023191	P3h3
P4ha1	ENSG00000122884	ENSMUSG00000019916	P4ha1
P4ha2	ENSG00000072682	ENSMUSG00000018906	P4ha2
P4ha3	ENSG00000149380	ENSMUSG00000051048	P4ha3
P4hb	ENSG00000185624	ENSMUSG00000025130	P4hb
Pa2g4	ENSG00000170515	ENSMUSG00000025364	Pa2g4
Pabpc1	NA	ENSMUSG00000022283	Pabpc1
Pabpc4	ENSG00000090621	ENSMUSG00000011257	Pabpc4
Pabpc4l	ENSG00000254535	ENSMUSG00000090919	Pabpc4l
Pacrg	ENSG00000112530	ENSMUSG00000037196	Pacrg
Pacs1	ENSG00000175115	ENSMUSG00000024855	Pacs1
Pag1	ENSG00000076641	ENSMUSG00000027508	Pag1
Paics	ENSG00000128050	ENSMUSG00000029247	Paics
Paip1	ENSG00000172239	ENSMUSG00000025451	Paip1
Pak1ip1	ENSG00000111845	ENSMUSG00000038683	Pak1ip1
Pak3	ENSG00000077264	ENSMUSG00000031284	Pak3
Pald1	ENSG00000107719	ENSMUSG00000020092	Pald1
Palld	ENSG00000129116	ENSMUSG00000058056	Palld
Pam	ENSG00000145730	ENSMUSG00000026335	Pam
Pamr1	ENSG00000149090	ENSMUSG00000027188	Pamr1
Pan2	ENSG00000135473	ENSMUSG00000005682	Pan2
Pank4	ENSG00000157881	ENSMUSG00000029056	Pank4
Pappa	ENSG00000182752	ENSMUSG00000028370	Pappa
Papss2	ENSG00000198682	ENSMUSG00000024899	Papss2
Paqr8	ENSG00000170915	ENSMUSG00000025931	Paqr8
Pard3b	ENSG00000116117	ENSMUSG00000052062	Pard3b
Parm1	ENSG00000169116	ENSMUSG00000034981	Parm1
Parp8	ENSG00000151883	ENSMUSG00000021725	Parp8
Parpbp	ENSG00000185480	ENSMUSG00000035365	Parpbp
Parva	ENSG00000197702	ENSMUSG00000030770	Parva
Pask	ENSG00000115687	ENSMUSG00000026274	Pask
Pawr	ENSG00000177425	ENSMUSG00000035873	Pawr
Paxip1	ENSG00000157212	ENSMUSG00000002221	Paxip1
Pbld2	ENSG00000108187	ENSMUSG00000020072	Pbld2
Pbrm1	ENSG00000163939	ENSMUSG00000042323	Pbrm1
Pcbd2	ENSG00000132570	ENSMUSG00000021496	Pcbd2
Pcbp1	ENSG00000169564	ENSMUSG00000051695	Pcbp1
Pcbp3	ENSG00000183570	ENSMUSG00000001120	Pcbp3
Pcbp4	ENSG00000090097	ENSMUSG00000023495	Pcbp4
Pcca	ENSG00000175198	ENSMUSG00000041650	Pcca
Pcdh10	ENSG00000138650	ENSMUSG00000049100	Pcdh10
Pcdh11x	ENSG00000099715	ENSMUSG00000034755	Pcdh11x
Pcdh15	ENSG00000150275	ENSMUSG00000052613	Pcdh15
Pcdh17	ENSG00000118946	ENSMUSG00000035566	Pcdh17
Pcdh18	ENSG00000189184	ENSMUSG00000037892	Pcdh18
Pcdh19	ENSG00000165194	ENSMUSG00000051323	Pcdh19
Pcdh7	ENSG00000169851	ENSMUSG00000029108	Pcdh7
Pcdh9	ENSG00000184226	ENSMUSG00000055421	Pcdh9
Pced1b	ENSG00000179715	ENSMUSG00000044250	Pced1b
Pcf11	ENSG00000165494	ENSMUSG00000041328	Pcf11
Pcgf1	ENSG00000115289	ENSMUSG00000069678	Pcgf1
Pcgf5	ENSG00000180628	ENSMUSG00000024805	Pcgf5
Pcgf6	ENSG00000156374	ENSMUSG00000025050	Pcgf6
Pclo	ENSG00000186472	ENSMUSG00000061601	Pclo
Pcna	ENSG00000132646	ENSMUSG00000027342	Pcna
Pcnp	ENSG00000081154	ENSMUSG00000071533	Pcnp
Pcnx3	ENSG00000197136	ENSMUSG00000054874	Pcnx3
Pcnx4	ENSG00000126773	ENSMUSG00000034501	Pcnx4
Pcolce	ENSG00000106333	ENSMUSG00000029718	Pcolce
Pcolce2	ENSG00000163710	ENSMUSG00000015354	Pcolce2
Pcsk2	ENSG00000125851	ENSMUSG00000027419	Pcsk2
Pcsk5	ENSG00000099139	ENSMUSG00000024713	Pcsk5
Pcsk6	ENSG00000140479	ENSMUSG00000030513	Pcsk6
Pcx	ENSG00000173599	ENSMUSG00000024892	Pcx
Pcyt1b	ENSG00000102230	ENSMUSG00000035246	Pcyt1b
Pdcd11	ENSG00000148843	ENSMUSG00000025047	Pdcd11
Pdcd4	ENSG00000150593	ENSMUSG00000024975	Pdcd4
Pdcd5	ENSG00000105185	ENSMUSG00000030417	Pdcd5
Pde10a	ENSG00000112541	ENSMUSG00000023868	Pde10a
Pde1a	ENSG00000115252	ENSMUSG00000059173	Pde1a
Pde1c	ENSG00000154678	ENSMUSG00000004347	Pde1c
Pde3a	ENSG00000172572	ENSMUSG00000041741	Pde3a
Pde3b	ENSG00000152270	ENSMUSG00000030671	Pde3b
Pde4b	ENSG00000184588	ENSMUSG00000028525	Pde4b
Pde4d	ENSG00000113448	ENSMUSG00000021699	Pde4d
Pde4dip	ENSG00000178104	ENSMUSG00000038170	Pde4dip
Pde5a	ENSG00000138735	ENSMUSG00000053965	Pde5a
Pde7a	ENSG00000205268	ENSMUSG00000069094	Pde7a
Pde7b	ENSG00000171408	ENSMUSG00000019990	Pde7b
Pde8b	ENSG00000113231	ENSMUSG00000021684	Pde8b
Pdgfc	ENSG00000145431	ENSMUSG00000028019	Pdgfc
Pdgfd	ENSG00000170962	ENSMUSG00000032006	Pdgfd
Pdgfra	ENSG00000134853	ENSMUSG00000029231	Pdgfra
Pdgfrb	ENSG00000113721	ENSMUSG00000024620	Pdgfrb
Pdhb	ENSG00000168291	ENSMUSG00000021748	Pdhb
Pdhx	ENSG00000110435	ENSMUSG00000010914	Pdhx
Pdia3	ENSG00000167004	ENSMUSG00000027248	Pdia3
Pdia4	ENSG00000155660	ENSMUSG00000025823	Pdia4
Pdia6	ENSG00000143870	ENSMUSG00000020571	Pdia6
Pdk1	ENSG00000152256	ENSMUSG00000006494	Pdk1
Pdlim1	ENSG00000107438	ENSMUSG00000055044	Pdlim1
Pdlim5	ENSG00000163110	ENSMUSG00000028273	Pdlim5
Pdpk1	ENSG00000140992	ENSMUSG00000024122	Pdpk1
Pdzd2	ENSG00000133401	ENSMUSG00000022197	Pdzd2
Pdzd4	ENSG00000067840	ENSMUSG00000002006	Pdzd4
Pdzd8	ENSG00000165650	ENSMUSG00000074746	Pdzd8
Pdzrn3	ENSG00000121440	ENSMUSG00000035357	Pdzrn3
Pdzrn4	ENSG00000165966	ENSMUSG00000036218	Pdzrn4
Peak1	ENSG00000173517	ENSMUSG00000074305	Peak1
Pebp1	NA	ENSMUSG00000032959	Pebp1
Peg10	ENSG00000242265	ENSMUSG00000092035	Peg10
Peg3	ENSG00000198300	ENSMUSG00000002265	Peg3
Peli1	ENSG00000197329	ENSMUSG00000020134	Peli1
Peli2	ENSG00000139946	ENSMUSG00000021846	Peli2
Penk	ENSG00000181195	ENSMUSG00000045573	Penk
Pex2	ENSG00000164751	ENSMUSG00000040374	Pex2
Pex5l	ENSG00000114757	ENSMUSG00000027674	Pex5l
Pfdn4	ENSG00000101132	ENSMUSG00000052033	Pfdn4
Pfdn5	ENSG00000123349	ENSMUSG00000001289	Pfdn5
Pfn1	ENSG00000108518	ENSMUSG00000018293	Pfn1
Pgam1	ENSG00000226784	ENSMUSG00000011752	Pgam1
Pgap1	ENSG00000197121	ENSMUSG00000073678	Pgap1
Pgk1	ENSG00000102144	ENSMUSG00000062070	Pgk1
Pgm2l1	ENSG00000165434	ENSMUSG00000030729	Pgm2l1
Pgm5	ENSG00000154330	ENSMUSG00000041731	Pgm5
Pgrmc1	ENSG00000101856	ENSMUSG00000006373	Pgrmc1
Pgrmc2	ENSG00000164040	ENSMUSG00000049940	Pgrmc2
Phactr1	ENSG00000112137	ENSMUSG00000054728	Phactr1
Phactr2	ENSG00000112419	ENSMUSG00000062866	Phactr2
Phactr3	ENSG00000087495	ENSMUSG00000027525	Phactr3
Phax	ENSG00000164902	ENSMUSG00000008301	Phax
Phb2	ENSG00000215021	ENSMUSG00000004264	Phb2
Phc2	ENSG00000134686	ENSMUSG00000028796	Phc2
Phex	ENSG00000102174	ENSMUSG00000057457	Phex
Phf10	ENSG00000130024	ENSMUSG00000023883	Phf10
Phf20l1	ENSG00000129292	ENSMUSG00000072501	Phf20l1
Phf21a	ENSG00000135365	ENSMUSG00000058318	Phf21a
Phf23	ENSG00000040633	ENSMUSG00000018572	Phf23
Phf6	ENSG00000156531	ENSMUSG00000025626	Phf6
Phf7	ENSG00000010318	ENSMUSG00000021902	Phf7
Phf8	ENSG00000172943	ENSMUSG00000041229	Phf8
Phip	ENSG00000146247	ENSMUSG00000032253	Phip
Phka1	ENSG00000067177	ENSMUSG00000034055	Phka1
Phkg2	ENSG00000156873	ENSMUSG00000030815	Phkg2
Phlda1	ENSG00000139289	ENSMUSG00000020205	Phlda1
Phldb2	ENSG00000144824	ENSMUSG00000033149	Phldb2
Phlpp1	ENSG00000081913	ENSMUSG00000044340	Phlpp1
Phtf1	ENSG00000116793	ENSMUSG00000058388	Phtf1
Phtf2	ENSG00000006576	ENSMUSG00000039987	Phtf2
Pi4k2a	ENSG00000155252	ENSMUSG00000025178	Pi4k2a
Pi4k2b	ENSG00000038210	ENSMUSG00000029186	Pi4k2b
Pibf1	ENSG00000083535	ENSMUSG00000022064	Pibf1
Pid1	ENSG00000153823	ENSMUSG00000045658	Pid1
Piezo2	ENSG00000154864	ENSMUSG00000041482	Piezo2
Pif1	ENSG00000140451	ENSMUSG00000041064	Pif1
Pigb	ENSG00000069943	ENSMUSG00000079469	Pigb
Pigm	ENSG00000143315	ENSMUSG00000050229	Pigm
Pigp	ENSG00000185808	ENSMUSG00000022940	Pigp
Pigx	ENSG00000163964	ENSMUSG00000023791	Pigx
Pik3r1	ENSG00000145675	ENSMUSG00000041417	Pik3r1
Pik3r3	ENSG00000117461	ENSMUSG00000028698	Pik3r3
Pik3r4	ENSG00000196455	ENSMUSG00000032571	Pik3r4
Pikfyve	ENSG00000115020	ENSMUSG00000025949	Pikfyve
Pim1	ENSG00000137193	ENSMUSG00000024014	Pim1
Pip4k2a	ENSG00000150867	ENSMUSG00000026737	Pip4k2a
Pip4k2b	ENSG00000276293	ENSMUSG00000018547	Pip4k2b
Pip5k1b	ENSG00000107242	ENSMUSG00000024867	Pip5k1b
Pir	ENSG00000087842	ENSMUSG00000031379	Pir
Pitpnc1	ENSG00000154217	ENSMUSG00000040430	Pitpnc1
Pja1	ENSG00000181191	ENSMUSG00000034403	Pja1
Pkdcc	ENSG00000162878	ENSMUSG00000024247	Pkdcc
Pkia	ENSG00000171033	ENSMUSG00000027499	Pkia
Pkig	ENSG00000168734	ENSMUSG00000035268	Pkig
Pkm	ENSG00000067225	ENSMUSG00000032294	Pkm
Pkp4	ENSG00000144283	ENSMUSG00000026991	Pkp4
Pla2g4a	ENSG00000116711	ENSMUSG00000056220	Pla2g4a
Pla2g6	ENSG00000184381	ENSMUSG00000042632	Pla2g6
Pla2g7	ENSG00000146070	ENSMUSG00000023913	Pla2g7
Plac1	ENSG00000170965	ENSMUSG00000061082	Plac1
Plat	ENSG00000104368	ENSMUSG00000031538	Plat
Plcb1	ENSG00000182621	ENSMUSG00000051177	Plcb1
Plcb3	ENSG00000149782	ENSMUSG00000024960	Plcb3
Plcb4	ENSG00000101333	ENSMUSG00000039943	Plcb4
Plce1	ENSG00000138193	ENSMUSG00000024998	Plce1
Plcg2	ENSG00000197943	ENSMUSG00000034330	Plcg2
Plch1	ENSG00000114805	ENSMUSG00000036834	Plch1
Plcl1	ENSG00000115896	ENSMUSG00000038349	Plcl1
Plcl2	ENSG00000154822	ENSMUSG00000038910	Plcl2
Plcxd2	ENSG00000240891	ENSMUSG00000087141	Plcxd2
Plcxd3	ENSG00000182836	ENSMUSG00000049148	Plcxd3
Pld1	ENSG00000075651	ENSMUSG00000027695	Pld1
Pld5	ENSG00000180287	ENSMUSG00000055214	Pld5
Plekha7	ENSG00000166689	ENSMUSG00000045659	Plekha7
Plekhg1	ENSG00000120278	ENSMUSG00000040624	Plekhg1
Plekhh2	ENSG00000152527	ENSMUSG00000040852	Plekhh2
Plekho1	ENSG00000023902	ENSMUSG00000015745	Plekho1
Plk2	ENSG00000145632	ENSMUSG00000021701	Plk2
Plk4	ENSG00000142731	ENSMUSG00000025758	Plk4
Plod2	ENSG00000152952	ENSMUSG00000032374	Plod2
Plpp1	ENSG00000067113	ENSMUSG00000021759	Plpp1
Plpp3	ENSG00000162407	ENSMUSG00000028517	Plpp3
Plppr1	ENSG00000148123	ENSMUSG00000063446	Plppr1
Pls1	ENSG00000120756	ENSMUSG00000049493	Pls1
Pls3	ENSG00000102024	ENSMUSG00000016382	Pls3
Plxdc1	ENSG00000161381	ENSMUSG00000017417	Plxdc1
Plxdc2	ENSG00000120594	ENSMUSG00000026748	Plxdc2
Plxna1	ENSG00000114554	ENSMUSG00000030084	Plxna1
Plxna2	ENSG00000076356	ENSMUSG00000026640	Plxna2
Plxna3	ENSG00000130827	ENSMUSG00000031398	Plxna3
Plxna4	ENSG00000221866	ENSMUSG00000029765	Plxna4
Plxnb2	ENSG00000196576	ENSMUSG00000036606	Plxnb2
Pmaip1	ENSG00000141682	ENSMUSG00000024521	Pmaip1
Pnkd	ENSG00000127838	ENSMUSG00000026179	Pnkd
Pnrc1	ENSG00000146278	ENSMUSG00000040128	Pnrc1
Pnrc2	ENSG00000189266	ENSMUSG00000028675	Pnrc2
Pola1	ENSG00000101868	ENSMUSG00000006678	Pola1
Polb	ENSG00000070501	ENSMUSG00000031536	Polb
Pold3	NA	ENSMUSG00000030726	Pold3
Pole	ENSG00000177084	ENSMUSG00000007080	Pole
Polg	ENSG00000140521	ENSMUSG00000039176	Polg
Polk	ENSG00000122008	ENSMUSG00000021668	Polk
Poln	ENSG00000130997	ENSMUSG00000045102	Poln
Polq	ENSG00000051341	ENSMUSG00000034206	Polq
Polr1c	ENSG00000171453	ENSMUSG00000067148	Polr1c
Polr2a	ENSG00000181222	ENSMUSG00000005198	Polr2a
Polr2b	ENSG00000047315	ENSMUSG00000029250	Polr2b
Polr2g	ENSG00000168002	ENSMUSG00000071662	Polr2g
Polr2i	ENSG00000105258	ENSMUSG00000019738	Polr2i
Polr2k	ENSG00000147669	ENSMUSG00000045996	Polr2k
Polr2m	ENSG00000255529	ENSMUSG00000032199	Polr2m
Polr3d	ENSG00000168495	ENSMUSG00000000776	Polr3d
Polr3e	ENSG00000058600	ENSMUSG00000030880	Polr3e
Polr3k	ENSG00000161980	ENSMUSG00000038628	Polr3k
Pom121	ENSG00000196313	ENSMUSG00000053293	Pom121
Pomp	ENSG00000132963	ENSMUSG00000029649	Pomp
Pomt2	ENSG00000009830	ENSMUSG00000034126	Pomt2
Pon2	ENSG00000105854	ENSMUSG00000032667	Pon2
Pon3	ENSG00000105852	ENSMUSG00000029759	Pon3
Pop4	ENSG00000105171	ENSMUSG00000030423	Pop4
Postn	ENSG00000133110	ENSMUSG00000027750	Postn
Ppa1	ENSG00000180817	ENSMUSG00000020089	Ppa1
Ppan	ENSG00000130810	ENSMUSG00000004100	Ppan
Ppargc1a	ENSG00000109819	ENSMUSG00000029167	Ppargc1a
Ppat	ENSG00000128059	ENSMUSG00000029246	Ppat
Ppdpf	ENSG00000125534	ENSMUSG00000016344	Ppdpf
Ppfia2	ENSG00000139220	ENSMUSG00000053825	Ppfia2
Ppfibp1	ENSG00000110841	ENSMUSG00000016487	Ppfibp1
Ppfibp2	ENSG00000166387	ENSMUSG00000036528	Ppfibp2
Ppia	ENSG00000196262	ENSMUSG00000071866	Ppia
Ppib	ENSG00000166794	ENSMUSG00000032383	Ppib
Ppic	ENSG00000168938	ENSMUSG00000024538	Ppic
Ppid	ENSG00000171497	ENSMUSG00000027804	Ppid
Ppih	NA	ENSMUSG00000060288	Ppih
Ppil1	ENSG00000137168	ENSMUSG00000024007	Ppil1
Ppm1e	ENSG00000175175	ENSMUSG00000046442	Ppm1e
Ppm1h	ENSG00000111110	ENSMUSG00000034613	Ppm1h
Ppm1l	ENSG00000163590	ENSMUSG00000027784	Ppm1l
Ppm1m	ENSG00000164088	ENSMUSG00000020253	Ppm1m
Ppp1ca	ENSG00000172531	ENSMUSG00000040385	Ppp1ca
Ppp1cb	ENSG00000213639	ENSMUSG00000014956	Ppp1cb
Ppp1r10	ENSG00000204569	ENSMUSG00000039220	Ppp1r10
Ppp1r12c	ENSG00000125503	ENSMUSG00000019254	Ppp1r12c
Ppp1r13b	ENSG00000088808	ENSMUSG00000021285	Ppp1r13b
Ppp1r14b	NA	ENSMUSG00000056612	Ppp1r14b
Ppp1r15b	ENSG00000158615	ENSMUSG00000046062	Ppp1r15b
Ppp1r2	ENSG00000184203	ENSMUSG00000047714	Ppp1r2
Ppp1r9a	ENSG00000158528	ENSMUSG00000032827	Ppp1r9a
Ppp2r1b	ENSG00000137713	ENSMUSG00000032058	Ppp2r1b
Ppp2r2b	ENSG00000156475	ENSMUSG00000024500	Ppp2r2b
Ppp2r3a	ENSG00000073711	ENSMUSG00000043154	Ppp2r3a
Ppp3ca	ENSG00000138814	ENSMUSG00000028161	Ppp3ca
Pprc1	ENSG00000148840	ENSMUSG00000055491	Pprc1
Ppwd1	ENSG00000113593	ENSMUSG00000021713	Ppwd1
Prc1	ENSG00000198901	ENSMUSG00000038943	Prc1
Prcp	ENSG00000137509	ENSMUSG00000061119	Prcp
Prdm10	ENSG00000170325	ENSMUSG00000042496	Prdm10
Prdm16	ENSG00000142611	ENSMUSG00000039410	Prdm16
Prdm5	ENSG00000138738	ENSMUSG00000029913	Prdm5
Prdm6	ENSG00000061455	ENSMUSG00000069378	Prdm6
Prdx1	ENSG00000117450	ENSMUSG00000028691	Prdx1
Prdx2	ENSG00000167815	ENSMUSG00000005161	Prdx2
Prdx4	ENSG00000123131	ENSMUSG00000025289	Prdx4
Prdx6	ENSG00000117592	ENSMUSG00000026701	Prdx6
Prelid1	ENSG00000169230	ENSMUSG00000021486	Prelid1
Prex2	ENSG00000046889	ENSMUSG00000048960	Prex2
Prickle1	ENSG00000139174	ENSMUSG00000036158	Prickle1
Prickle2	ENSG00000163637	ENSMUSG00000030020	Prickle2
Prim1	ENSG00000198056	ENSMUSG00000025395	Prim1
Prim2	ENSG00000146143	ENSMUSG00000026134	Prim2
Prkab2	ENSG00000131791	ENSMUSG00000038205	Prkab2
Prkar2b	ENSG00000005249	ENSMUSG00000002997	Prkar2b
Prkca	ENSG00000154229	ENSMUSG00000050965	Prkca
Prkcb	ENSG00000166501	ENSMUSG00000052889	Prkcb
Prkce	ENSG00000171132	ENSMUSG00000045038	Prkce
Prkci	ENSG00000163558	ENSMUSG00000037643	Prkci
Prkd1	ENSG00000184304	ENSMUSG00000002688	Prkd1
Prkd3	ENSG00000115825	ENSMUSG00000024070	Prkd3
Prkdc	ENSG00000253729	ENSMUSG00000022672	Prkdc
Prkg1	ENSG00000185532	ENSMUSG00000052920	Prkg1
Prkg2	ENSG00000138669	ENSMUSG00000029334	Prkg2
Prmt3	ENSG00000185238	ENSMUSG00000030505	Prmt3
Prom1	ENSG00000007062	ENSMUSG00000029086	Prom1
Pros1	ENSG00000184500	ENSMUSG00000022912	Pros1
Prpf38a	ENSG00000134748	ENSMUSG00000063800	Prpf38a
Prpf38b	NA	ENSMUSG00000027881	Prpf38b
Prpf40a	ENSG00000196504	ENSMUSG00000061136	Prpf40a
Prr16	ENSG00000184838	ENSMUSG00000073565	Prr16
Prr3	ENSG00000204576	ENSMUSG00000038500	Prr3
Prr5l	ENSG00000135362	ENSMUSG00000032841	Prr5l
Prrg1	ENSG00000130962	ENSMUSG00000047996	Prrg1
Prtg	ENSG00000166450	ENSMUSG00000036030	Prtg
Prune2	ENSG00000106772	ENSMUSG00000039126	Prune2
Psd3	ENSG00000156011	ENSMUSG00000030465	Psd3
Psip1	ENSG00000164985	ENSMUSG00000028484	Psip1
Psma2	ENSG00000106588	ENSMUSG00000015671	Psma2
Psma4	ENSG00000041357	ENSMUSG00000032301	Psma4
Psma6	ENSG00000100902	ENSMUSG00000021024	Psma6
Psma7	ENSG00000101182	ENSMUSG00000027566	Psma7
Psmb1	ENSG00000008018	ENSMUSG00000014769	Psmb1
Psmb3	ENSG00000277791	ENSMUSG00000069744	Psmb3
Psmb4	ENSG00000159377	ENSMUSG00000005779	Psmb4
Psmb6	ENSG00000142507	ENSMUSG00000018286	Psmb6
Psmc3	ENSG00000165916	ENSMUSG00000002102	Psmc3
Psmc3ip	ENSG00000131470	ENSMUSG00000019303	Psmc3ip
Psmc4	ENSG00000013275	ENSMUSG00000030603	Psmc4
Psmd2	ENSG00000175166	ENSMUSG00000006998	Psmd2
Psmd3	ENSG00000108344	ENSMUSG00000017221	Psmd3
Psmd6	ENSG00000163636	ENSMUSG00000021737	Psmd6
Psmd7	ENSG00000103035	ENSMUSG00000039067	Psmd7
Psmd8	ENSG00000099341	ENSMUSG00000030591	Psmd8
Psme4	ENSG00000068878	ENSMUSG00000040850	Psme4
Psmg4	ENSG00000180822	ENSMUSG00000071451	Psmg4
Psrc1	ENSG00000134222	ENSMUSG00000068744	Psrc1
Pstpip2	ENSG00000152229	ENSMUSG00000025429	Pstpip2
Ptbp2	ENSG00000117569	ENSMUSG00000028134	Ptbp2
Ptbp3	ENSG00000119314	ENSMUSG00000028382	Ptbp3
Ptcd1	ENSG00000106246	ENSMUSG00000029624	Ptcd1
Ptcd3	ENSG00000132300	ENSMUSG00000063884	Ptcd3
Ptch1	ENSG00000185920	ENSMUSG00000021466	Ptch1
Ptchd4	ENSG00000244694	ENSMUSG00000042256	Ptchd4
Pten	NA	ENSMUSG00000013663	Pten
Pter	ENSG00000165983	ENSMUSG00000026730	Pter
Ptges3	ENSG00000110958	ENSMUSG00000071072	Ptges3
Pth1r	ENSG00000160801	ENSMUSG00000032492	Pth1r
Ptma	NA	ENSMUSG00000026238	Ptma
Ptn	ENSG00000105894	ENSMUSG00000029838	Ptn
Ptp4a2	ENSG00000184007	ENSMUSG00000028788	Ptp4a2
Ptpn12	ENSG00000127947	ENSMUSG00000028771	Ptpn12
Ptpn13	ENSG00000163629	ENSMUSG00000034573	Ptpn13
Ptpn14	ENSG00000152104	ENSMUSG00000026604	Ptpn14
Ptpn9	ENSG00000169410	ENSMUSG00000032290	Ptpn9
Ptprd	ENSG00000153707	ENSMUSG00000028399	Ptprd
Ptprg	ENSG00000144724	ENSMUSG00000121513	Ptprg
Ptprj	ENSG00000149177	ENSMUSG00000025314	Ptprj
Ptprk	ENSG00000152894	ENSMUSG00000019889	Ptprk
Ptprm	ENSG00000173482	ENSMUSG00000033278	Ptprm
Ptprn2	ENSG00000155093	ENSMUSG00000056553	Ptprn2
Ptprr	ENSG00000153233	ENSMUSG00000020151	Ptprr
Ptprt	ENSG00000196090	ENSMUSG00000053141	Ptprt
Ptprz1	ENSG00000106278	ENSMUSG00000068748	Ptprz1
Puf60	ENSG00000179950	ENSMUSG00000002524	Puf60
Pum3	ENSG00000080608	ENSMUSG00000041360	Pum3
Pura	ENSG00000185129	ENSMUSG00000043991	Pura
Purb	ENSG00000146676	ENSMUSG00000094483	Purb
Purg	ENSG00000172733	ENSMUSG00000049184	Purg
Pus1	ENSG00000177192	ENSMUSG00000029507	Pus1
Pus3	ENSG00000110060	ENSMUSG00000032103	Pus3
Pvt1	NA	ENSMUSG00000097039	Pvt1
Pycr2	ENSG00000143811	ENSMUSG00000026520	Pycr2
Qtrt1	ENSG00000213339	ENSMUSG00000002825	Qtrt1
Rab11fip1	ENSG00000156675	ENSMUSG00000031488	Rab11fip1
Rab11fip2	ENSG00000107560	ENSMUSG00000040022	Rab11fip2
Rab11fip4	ENSG00000131242	ENSMUSG00000017639	Rab11fip4
Rab24	ENSG00000169228	ENSMUSG00000034789	Rab24
Rab26os	NA	ENSMUSG00000093565	Rab26os
Rab27b	ENSG00000041353	ENSMUSG00000024511	Rab27b
Rab28	ENSG00000157869	ENSMUSG00000029128	Rab28
Rab30	ENSG00000137502	ENSMUSG00000030643	Rab30
Rab31	ENSG00000168461	ENSMUSG00000056515	Rab31
Rab3ip	ENSG00000127328	ENSMUSG00000064181	Rab3ip
Rab6a	ENSG00000175582	ENSMUSG00000030704	Rab6a
Rab8b	ENSG00000166128	ENSMUSG00000036943	Rab8b
Rabepk	ENSG00000136933	ENSMUSG00000070953	Rabepk
Rabgap1l	ENSG00000152061	ENSMUSG00000026721	Rabgap1l
Rabggtb	ENSG00000137955	ENSMUSG00000038975	Rabggtb
Rabl3	ENSG00000144840	ENSMUSG00000022827	Rabl3
Racgap1	ENSG00000161800	ENSMUSG00000023015	Racgap1
Rack1	ENSG00000204628	ENSMUSG00000020372	Rack1
Rad18	ENSG00000070950	ENSMUSG00000030254	Rad18
Rad51	ENSG00000051180	ENSMUSG00000027323	Rad51
Rad51ap1	ENSG00000111247	ENSMUSG00000030346	Rad51ap1
Rad51b	ENSG00000182185	ENSMUSG00000059060	Rad51b
Rad51c	ENSG00000108384	ENSMUSG00000007646	Rad51c
Rad54b	ENSG00000197275	ENSMUSG00000078773	Rad54b
Rad54l	ENSG00000085999	ENSMUSG00000028702	Rad54l
Rai14	ENSG00000039560	ENSMUSG00000022246	Rai14
Ralgapa2	ENSG00000188559	ENSMUSG00000037110	Ralgapa2
Ralgps2	ENSG00000116191	ENSMUSG00000026594	Ralgps2
Ralyl	ENSG00000184672	ENSMUSG00000039717	Ralyl
Ran	ENSG00000132341	ENSMUSG00000029430	Ran
Ranbp1	ENSG00000099901	ENSMUSG00000005732	Ranbp1
Ranbp17	ENSG00000204764	ENSMUSG00000040594	Ranbp17
Ranbp2	ENSG00000153201	ENSMUSG00000003226	Ranbp2
Rap1gap	ENSG00000076864	ENSMUSG00000041351	Rap1gap
Rap1gap2	ENSG00000132359	ENSMUSG00000038807	Rap1gap2
Rap1gds1	ENSG00000138698	ENSMUSG00000028149	Rap1gds1
Rap2c	ENSG00000123728	ENSMUSG00000050029	Rap2c
Rapgef2	ENSG00000109756	ENSMUSG00000062232	Rapgef2
Rapgef4	ENSG00000091428	ENSMUSG00000049044	Rapgef4
Rapgef5	ENSG00000136237	ENSMUSG00000041992	Rapgef5
Raph1	ENSG00000173166	ENSMUSG00000026014	Raph1
Rars2	ENSG00000146282	ENSMUSG00000028292	Rars2
Rasa1	ENSG00000145715	ENSMUSG00000021549	Rasa1
Rasal2	ENSG00000075391	ENSMUSG00000070565	Rasal2
Rasef	ENSG00000165105	ENSMUSG00000043003	Rasef
Rasl11b	ENSG00000128045	ENSMUSG00000049907	Rasl11b
Rassf3	ENSG00000153179	ENSMUSG00000025795	Rassf3
Rassf8	ENSG00000123094	ENSMUSG00000030259	Rassf8
Rassf9	ENSG00000198774	ENSMUSG00000044921	Rassf9
Raver2	ENSG00000162437	ENSMUSG00000035275	Raver2
Rb1	ENSG00000139687	ENSMUSG00000022105	Rb1
Rb1cc1	ENSG00000023287	ENSMUSG00000025907	Rb1cc1
Rbak	ENSG00000146587	ENSMUSG00000061898	Rbak
Rbbp4	ENSG00000162521	ENSMUSG00000057236	Rbbp4
Rbbp6	ENSG00000122257	ENSMUSG00000030779	Rbbp6
Rbbp8	ENSG00000101773	ENSMUSG00000041238	Rbbp8
Rbfox1	ENSG00000078328	ENSMUSG00000008658	Rbfox1
Rbfox3	ENSG00000167281	ENSMUSG00000025576	Rbfox3
Rbm17	ENSG00000134453	ENSMUSG00000037197	Rbm17
Rbm20	ENSG00000203867	ENSMUSG00000043639	Rbm20
Rbm39	ENSG00000131051	ENSMUSG00000027620	Rbm39
Rbm41	ENSG00000089682	ENSMUSG00000031433	Rbm41
Rbm7	ENSG00000076053	ENSMUSG00000042396	Rbm7
Rbm8a	ENSG00000265241	ENSMUSG00000038374	Rbm8a
Rbms1	ENSG00000153250	ENSMUSG00000026970	Rbms1
Rbms3	ENSG00000144642	ENSMUSG00000039607	Rbms3
Rbmx	ENSG00000147274	ENSMUSG00000031134	Rbmx
Rbmxl1	ENSG00000213516	ENSMUSG00000037070	Rbmxl1
Rbpms	ENSG00000157110	ENSMUSG00000031586	Rbpms
Rbx1	ENSG00000100387	ENSMUSG00000022400	Rbx1
Rcan2	ENSG00000172348	ENSMUSG00000039601	Rcan2
Rcc2	ENSG00000179051	ENSMUSG00000040945	Rcc2
Rce1	ENSG00000173653	ENSMUSG00000024889	Rce1
Rcn1	ENSG00000049449	ENSMUSG00000005973	Rcn1
Rcn2	ENSG00000117906	ENSMUSG00000032320	Rcn2
Rcn3	ENSG00000142552	ENSMUSG00000019539	Rcn3
Rcor2	ENSG00000167771	ENSMUSG00000024968	Rcor2
Rcsd1	ENSG00000198771	ENSMUSG00000040723	Rcsd1
Rdh10	ENSG00000121039	ENSMUSG00000025921	Rdh10
Rdh14	ENSG00000240857	ENSMUSG00000020621	Rdh14
Rdm1	ENSG00000278023	ENSMUSG00000010362	Rdm1
Rec114	ENSG00000183324	ENSMUSG00000074269	Rec114
Reep1	ENSG00000068615	ENSMUSG00000052852	Reep1
Reep3	ENSG00000165476	ENSMUSG00000019873	Reep3
Rell1	ENSG00000181826	ENSMUSG00000047881	Rell1
Reln	ENSG00000189056	ENSMUSG00000042453	Reln
Reps1	ENSG00000135597	ENSMUSG00000019854	Reps1
Reps2	ENSG00000169891	ENSMUSG00000040855	Reps2
Rer1	ENSG00000157916	ENSMUSG00000029048	Rer1
Rerg	ENSG00000134533	ENSMUSG00000030222	Rerg
Rev1	ENSG00000135945	ENSMUSG00000026082	Rev1
Rev3l	ENSG00000009413	ENSMUSG00000019841	Rev3l
Rfc3	ENSG00000133119	ENSMUSG00000033970	Rfc3
Rfc4	ENSG00000163918	ENSMUSG00000022881	Rfc4
Rfc5	ENSG00000111445	ENSMUSG00000029363	Rfc5
Rffl	ENSG00000092871	ENSMUSG00000020696	Rffl
Rftn1	ENSG00000131378	ENSMUSG00000039316	Rftn1
Rftn2	ENSG00000162944	ENSMUSG00000025978	Rftn2
Rfx7	ENSG00000181827	ENSMUSG00000037674	Rfx7
Rgcc	ENSG00000102760	ENSMUSG00000022018	Rgcc
Rgl1	ENSG00000143344	ENSMUSG00000026482	Rgl1
Rgma	ENSG00000182175	ENSMUSG00000070509	Rgma
Rgmb	ENSG00000174136	ENSMUSG00000048027	Rgmb
Rgs17	ENSG00000091844	ENSMUSG00000019775	Rgs17
Rgs2	ENSG00000116741	ENSMUSG00000026360	Rgs2
Rgs22	ENSG00000132554	ENSMUSG00000037627	Rgs22
Rgs6	ENSG00000182732	ENSMUSG00000021219	Rgs6
Rgs7	ENSG00000182901	ENSMUSG00000026527	Rgs7
Rgs7bp	ENSG00000186479	ENSMUSG00000021719	Rgs7bp
Rhbdd1	ENSG00000144468	ENSMUSG00000026142	Rhbdd1
Rhebl1	ENSG00000167550	ENSMUSG00000023755	Rhebl1
Rhno1	ENSG00000171792	ENSMUSG00000048668	Rhno1
Rhobtb1	ENSG00000072422	ENSMUSG00000019944	Rhobtb1
Rhobtb3	ENSG00000164292	ENSMUSG00000021589	Rhobtb3
Rhoj	ENSG00000126785	ENSMUSG00000046768	Rhoj
Rhoq	ENSG00000119729	ENSMUSG00000024143	Rhoq
Rhot1	ENSG00000126858	ENSMUSG00000017686	Rhot1
Ric3	ENSG00000166405	ENSMUSG00000048330	Ric3
Rictor	ENSG00000164327	ENSMUSG00000050310	Rictor
Rif1	ENSG00000080345	ENSMUSG00000036202	Rif1
Rilpl1	ENSG00000188026	ENSMUSG00000029392	Rilpl1
Rimklb	ENSG00000166532	ENSMUSG00000040649	Rimklb
Rims1	ENSG00000079841	ENSMUSG00000041670	Rims1
Rims2	ENSG00000176406	ENSMUSG00000037386	Rims2
Rin3	ENSG00000100599	ENSMUSG00000044456	Rin3
Rlim	ENSG00000131263	ENSMUSG00000056537	Rlim
Rmnd5a	ENSG00000153561	ENSMUSG00000002222	Rmnd5a
Rmst	NA	ENSMUSG00000112117	Rmst
Rn18s-rs5	NA	ENSMUSG00000119584	Rn18s-rs5
Rnaseh1	ENSG00000171865	ENSMUSG00000020630	Rnaseh1
Rnaseh2b	ENSG00000136104	ENSMUSG00000021932	Rnaseh2b
Rnaseh2c	ENSG00000172922	ENSMUSG00000024925	Rnaseh2c
Rnaset2a	ENSG00000026297	ENSMUSG00000095687	Rnaset2a
Rnaset2b	ENSG00000026297	ENSMUSG00000094724	Rnaset2b
Rnd3	ENSG00000115963	ENSMUSG00000017144	Rnd3
Rnf103	ENSG00000239305	ENSMUSG00000052656	Rnf103
Rnf11	ENSG00000123091	ENSMUSG00000028557	Rnf11
Rnf126	ENSG00000070423	ENSMUSG00000035890	Rnf126
Rnf130	ENSG00000113269	ENSMUSG00000020376	Rnf130
Rnf144a	ENSG00000151692	ENSMUSG00000020642	Rnf144a
Rnf144b	ENSG00000137393	ENSMUSG00000038068	Rnf144b
Rnf146	ENSG00000118518	ENSMUSG00000038876	Rnf146
Rnf150	ENSG00000170153	ENSMUSG00000047747	Rnf150
Rnf152	ENSG00000176641	ENSMUSG00000047496	Rnf152
Rnf167	ENSG00000108523	ENSMUSG00000040746	Rnf167
Rnf17	ENSG00000132972	ENSMUSG00000000365	Rnf17
Rnf180	ENSG00000164197	ENSMUSG00000021720	Rnf180
Rnf182	ENSG00000180537	ENSMUSG00000044164	Rnf182
Rnf215	ENSG00000099999	ENSMUSG00000003581	Rnf215
Rnf217	ENSG00000146373	ENSMUSG00000063760	Rnf217
Rnf220	ENSG00000187147	ENSMUSG00000028677	Rnf220
Rnf41	ENSG00000181852	ENSMUSG00000025373	Rnf41
Rnf44	ENSG00000146083	ENSMUSG00000034928	Rnf44
Rnf6	ENSG00000127870	ENSMUSG00000029634	Rnf6
Rnf7	ENSG00000114125	ENSMUSG00000051234	Rnf7
Robo1	ENSG00000169855	ENSMUSG00000022883	Robo1
Robo2	ENSG00000185008	ENSMUSG00000052516	Robo2
Romo1	ENSG00000125995	ENSMUSG00000067847	Romo1
Ror1	ENSG00000185483	ENSMUSG00000035305	Ror1
Ror2	ENSG00000169071	ENSMUSG00000021464	Ror2
Rp2	ENSG00000102218	ENSMUSG00000060090	Rp2
Rpa1	ENSG00000132383	ENSMUSG00000000751	Rpa1
Rpa2	ENSG00000117748	ENSMUSG00000028884	Rpa2
Rpa3	ENSG00000106399	ENSMUSG00000012483	Rpa3
Rpf1	ENSG00000117133	ENSMUSG00000028187	Rpf1
Rpgrip1l	ENSG00000103494	ENSMUSG00000033282	Rpgrip1l
Rpn1	ENSG00000163902	ENSMUSG00000030062	Rpn1
Rpp21	ENSG00000241370	ENSMUSG00000024446	Rpp21
Rpp38	ENSG00000152464	ENSMUSG00000049950	Rpp38
Rragb	ENSG00000083750	ENSMUSG00000041658	Rragb
Rragd	ENSG00000025039	ENSMUSG00000028278	Rragd
Rras2	ENSG00000133818	ENSMUSG00000055723	Rras2
Rrbp1	ENSG00000125844	ENSMUSG00000027422	Rrbp1
Rrm1	ENSG00000167325	ENSMUSG00000030978	Rrm1
Rrm2	ENSG00000171848	ENSMUSG00000020649	Rrm2
Rrp1b	ENSG00000160208	ENSMUSG00000058392	Rrp1b
Rsl1d1	ENSG00000171490	ENSMUSG00000005846	Rsl1d1
Rspo2	ENSG00000147655	ENSMUSG00000051920	Rspo2
Rspo3	ENSG00000146374	ENSMUSG00000019880	Rspo3
Rsrc1	ENSG00000174891	ENSMUSG00000034544	Rsrc1
Rsrp1	ENSG00000117616	ENSMUSG00000037266	Rsrp1
Rtcb	ENSG00000100220	ENSMUSG00000001783	Rtcb
Rtn4	ENSG00000115310	ENSMUSG00000020458	Rtn4
Rundc1	ENSG00000198863	ENSMUSG00000035007	Rundc1
Rundc3b	ENSG00000105784	ENSMUSG00000040570	Rundc3b
Runx1t1	ENSG00000079102	ENSMUSG00000006586	Runx1t1
Ryr2	ENSG00000198626	ENSMUSG00000021313	Ryr2
Ryr3	ENSG00000198838	ENSMUSG00000057378	Ryr3
S100a10	ENSG00000197747	ENSMUSG00000041959	S100a10
S1pr3	ENSG00000213694	ENSMUSG00000067586	S1pr3
Sall1	ENSG00000103449	ENSMUSG00000031665	Sall1
Sall2	ENSG00000165821	ENSMUSG00000049532	Sall2
Sall3	ENSG00000256463	ENSMUSG00000024565	Sall3
Sall4	ENSG00000101115	ENSMUSG00000027547	Sall4
Samd1	NA	ENSMUSG00000079003	Samd1
Samd12	ENSG00000177570	ENSMUSG00000058656	Samd12
Samd4	ENSG00000020577	ENSMUSG00000021838	Samd4
Samd5	ENSG00000203727	ENSMUSG00000060487	Samd5
Samhd1	ENSG00000101347	ENSMUSG00000027639	Samhd1
Sar1a	ENSG00000079332	ENSMUSG00000020088	Sar1a
Sar1b	ENSG00000152700	ENSMUSG00000020386	Sar1b
Saraf	ENSG00000133872	ENSMUSG00000031532	Saraf
Sart1	ENSG00000175467	ENSMUSG00000039148	Sart1
Sash1	ENSG00000111961	ENSMUSG00000015305	Sash1
Sat1	ENSG00000130066	ENSMUSG00000025283	Sat1
Satb1	ENSG00000182568	ENSMUSG00000023927	Satb1
Satb2	ENSG00000119042	ENSMUSG00000038331	Satb2
Scap	ENSG00000114650	ENSMUSG00000032485	Scap
Scaper	ENSG00000140386	ENSMUSG00000034007	Scaper
Scarf2	ENSG00000244486	ENSMUSG00000012017	Scarf2
Scd1	NA	ENSMUSG00000037071	Scd1
Scd2	ENSG00000099194	ENSMUSG00000025203	Scd2
Scfd2	ENSG00000184178	ENSMUSG00000062110	Scfd2
Sclt1	ENSG00000151466	ENSMUSG00000059834	Sclt1
Scmh1	ENSG00000010803	ENSMUSG00000000085	Scmh1
Scn1a	ENSG00000144285	ENSMUSG00000064329	Scn1a
Scn3a	ENSG00000153253	ENSMUSG00000057182	Scn3a
Scn8a	ENSG00000196876	ENSMUSG00000023033	Scn8a
Scoc	ENSG00000153130	ENSMUSG00000063253	Scoc
Scrn3	ENSG00000144306	ENSMUSG00000008226	Scrn3
Scube1	ENSG00000159307	ENSMUSG00000016763	Scube1
Scube3	ENSG00000146197	ENSMUSG00000038677	Scube3
Scyl1	ENSG00000142186	ENSMUSG00000024941	Scyl1
Sdc2	ENSG00000169439	ENSMUSG00000022261	Sdc2
Sdc3	ENSG00000162512	ENSMUSG00000025743	Sdc3
Sdf2	ENSG00000132581	ENSMUSG00000002064	Sdf2
Sdf4	ENSG00000078808	ENSMUSG00000029076	Sdf4
Sdk1	ENSG00000146555	ENSMUSG00000039683	Sdk1
Sdk2	ENSG00000069188	ENSMUSG00000041592	Sdk2
Sec11a	ENSG00000140612	ENSMUSG00000025724	Sec11a
Sec11c	ENSG00000166562	ENSMUSG00000024516	Sec11c
Sec13	ENSG00000157020	ENSMUSG00000030298	Sec13
Sec23b	ENSG00000101310	ENSMUSG00000027429	Sec23b
Sec24d	ENSG00000150961	ENSMUSG00000039234	Sec24d
Sec61b	ENSG00000106803	ENSMUSG00000053317	Sec61b
Sec62	ENSG00000008952	ENSMUSG00000027706	Sec62
Seh1l	ENSG00000085415	ENSMUSG00000079614	Seh1l
Selenbp1	ENSG00000143416	ENSMUSG00000068874	Selenbp1
Sema3a	ENSG00000075213	ENSMUSG00000028883	Sema3a
Sema3c	ENSG00000075223	ENSMUSG00000028780	Sema3c
Sema3d	ENSG00000153993	ENSMUSG00000040254	Sema3d
Sema3e	ENSG00000170381	ENSMUSG00000063531	Sema3e
Sema4d	ENSG00000187764	ENSMUSG00000021451	Sema4d
Sema5a	ENSG00000112902	ENSMUSG00000022231	Sema5a
Sema5b	ENSG00000082684	ENSMUSG00000052133	Sema5b
Sema6a	ENSG00000092421	ENSMUSG00000019647	Sema6a
Sema6d	ENSG00000137872	ENSMUSG00000027200	Sema6d
Senp8	ENSG00000166192	ENSMUSG00000051705	Senp8
Serbp1	ENSG00000142864	ENSMUSG00000036371	Serbp1
Serf1	ENSG00000172058	ENSMUSG00000021643	Serf1
Serinc1	ENSG00000111897	ENSMUSG00000019877	Serinc1
Serinc5	ENSG00000164300	ENSMUSG00000021703	Serinc5
Serp1	ENSG00000120742	ENSMUSG00000027808	Serp1
Serpinb6a	ENSG00000124570	ENSMUSG00000060147	Serpinb6a
Serpine2	ENSG00000135919	ENSMUSG00000026249	Serpine2
Serpinf1	ENSG00000132386	ENSMUSG00000000753	Serpinf1
Serpinh1	ENSG00000149257	ENSMUSG00000070436	Serpinh1
Serpini1	ENSG00000163536	ENSMUSG00000027834	Serpini1
Sertad2	ENSG00000179833	ENSMUSG00000049800	Sertad2
Sertad4	ENSG00000082497	ENSMUSG00000016262	Sertad4
Sesn1	ENSG00000080546	ENSMUSG00000038332	Sesn1
Sesn3	ENSG00000149212	ENSMUSG00000032009	Sesn3
Set	ENSG00000230667	ENSMUSG00000054766	Set
Setbp1	ENSG00000152217	ENSMUSG00000024548	Setbp1
Sf3b1	ENSG00000115524	ENSMUSG00000025982	Sf3b1
Sf3b3	ENSG00000189091	ENSMUSG00000033732	Sf3b3
Sf3b6	ENSG00000115128	ENSMUSG00000037361	Sf3b6
Sfmbt1	ENSG00000163935	ENSMUSG00000006527	Sfmbt1
Sfmbt2	ENSG00000198879	ENSMUSG00000061186	Sfmbt2
Sfpq	ENSG00000116560	ENSMUSG00000028820	Sfpq
Sfr1	ENSG00000156384	ENSMUSG00000025066	Sfr1
Sfrp1	ENSG00000104332	ENSMUSG00000031548	Sfrp1
Sfrp2	ENSG00000145423	ENSMUSG00000027996	Sfrp2
Sfxn1	ENSG00000164466	ENSMUSG00000021474	Sfxn1
Sgcb	ENSG00000163069	ENSMUSG00000029156	Sgcb
Sgcd	ENSG00000170624	ENSMUSG00000020354	Sgcd
Sgce	ENSG00000127990	ENSMUSG00000004631	Sgce
Sgcz	ENSG00000185053	ENSMUSG00000039539	Sgcz
Sgip1	ENSG00000118473	ENSMUSG00000028524	Sgip1
Sgk1	ENSG00000118515	ENSMUSG00000019970	Sgk1
Sgk3	ENSG00000104205	ENSMUSG00000025915	Sgk3
Sgms1	ENSG00000198964	ENSMUSG00000040451	Sgms1
Sgpp1	ENSG00000126821	ENSMUSG00000021054	Sgpp1
Sgpp2	ENSG00000163082	ENSMUSG00000032908	Sgpp2
Sgsm2	ENSG00000141258	ENSMUSG00000038351	Sgsm2
Sh2b1	ENSG00000178188	ENSMUSG00000030733	Sh2b1
Sh2b2	ENSG00000160999	ENSMUSG00000005057	Sh2b2
Sh3bgrl	ENSG00000131171	ENSMUSG00000031246	Sh3bgrl
Sh3bgrl2	ENSG00000198478	ENSMUSG00000032261	Sh3bgrl2
Sh3bp5l	ENSG00000175137	ENSMUSG00000013646	Sh3bp5l
Sh3d19	ENSG00000109686	ENSMUSG00000028082	Sh3d19
Sh3gl3	ENSG00000140600	ENSMUSG00000030638	Sh3gl3
Sh3glb1	ENSG00000097033	ENSMUSG00000037062	Sh3glb1
Sh3kbp1	ENSG00000147010	ENSMUSG00000040990	Sh3kbp1
Sh3rf1	ENSG00000154447	ENSMUSG00000031642	Sh3rf1
Sh3rf3	ENSG00000172985	ENSMUSG00000037990	Sh3rf3
Sh3yl1	ENSG00000035115	ENSMUSG00000020669	Sh3yl1
Shcbp1	ENSG00000171241	ENSMUSG00000022322	Shcbp1
Shisa2	ENSG00000180730	ENSMUSG00000044461	Shisa2
Shisa6	ENSG00000188803	ENSMUSG00000053930	Shisa6
Shmt1	ENSG00000176974	ENSMUSG00000020534	Shmt1
Shprh	ENSG00000146414	ENSMUSG00000090112	Shprh
Shroom3	ENSG00000138771	ENSMUSG00000029381	Shroom3
Shroom4	ENSG00000158352	ENSMUSG00000068270	Shroom4
Sik2	ENSG00000170145	ENSMUSG00000037112	Sik2
Sil1	ENSG00000120725	ENSMUSG00000024357	Sil1
Sim2	ENSG00000159263	ENSMUSG00000062713	Sim2
Simc1	ENSG00000170085	ENSMUSG00000043183	Simc1
Sipa1l2	ENSG00000116991	ENSMUSG00000001995	Sipa1l2
Sipa1l3	ENSG00000105738	ENSMUSG00000030583	Sipa1l3
Sirpa	ENSG00000089012	ENSMUSG00000037902	Sirpa
Sirt1	ENSG00000096717	ENSMUSG00000020063	Sirt1
Siva1	ENSG00000184990	ENSMUSG00000064326	Siva1
Six4	ENSG00000100625	ENSMUSG00000034460	Six4
Six5	ENSG00000177045	ENSMUSG00000040841	Six5
Ska1	ENSG00000154839	ENSMUSG00000036223	Ska1
Skap1	ENSG00000141293	ENSMUSG00000057058	Skap1
Skap2	ENSG00000005020	ENSMUSG00000059182	Skap2
Skida1	ENSG00000180592	ENSMUSG00000054074	Skida1
Skp2	ENSG00000145604	ENSMUSG00000054115	Skp2
Slbp	ENSG00000163950	ENSMUSG00000004642	Slbp
Slc12a2	ENSG00000064651	ENSMUSG00000024597	Slc12a2
Slc15a2	ENSG00000163406	ENSMUSG00000022899	Slc15a2
Slc16a1	ENSG00000155380	ENSMUSG00000032902	Slc16a1
Slc16a10	ENSG00000112394	ENSMUSG00000019838	Slc16a10
Slc16a2	ENSG00000147100	ENSMUSG00000033965	Slc16a2
Slc16a7	ENSG00000118596	ENSMUSG00000020102	Slc16a7
Slc18b1	ENSG00000146409	ENSMUSG00000037455	Slc18b1
Slc1a3	ENSG00000079215	ENSMUSG00000005360	Slc1a3
Slc1a4	ENSG00000115902	ENSMUSG00000020142	Slc1a4
Slc1a5	ENSG00000105281	ENSMUSG00000001918	Slc1a5
Slc20a1	ENSG00000144136	ENSMUSG00000027397	Slc20a1
Slc20a2	ENSG00000168575	ENSMUSG00000037656	Slc20a2
Slc22a23	ENSG00000137266	ENSMUSG00000038267	Slc22a23
Slc24a2	ENSG00000155886	ENSMUSG00000037996	Slc24a2
Slc24a3	ENSG00000185052	ENSMUSG00000063873	Slc24a3
Slc25a12	ENSG00000115840	ENSMUSG00000027010	Slc25a12
Slc25a13	ENSG00000004864	ENSMUSG00000015112	Slc25a13
Slc25a20	ENSG00000178537	ENSMUSG00000032602	Slc25a20
Slc25a21	ENSG00000183032	ENSMUSG00000035472	Slc25a21
Slc25a3	ENSG00000075415	ENSMUSG00000061904	Slc25a3
Slc25a39	ENSG00000013306	ENSMUSG00000018677	Slc25a39
Slc25a4	ENSG00000151729	ENSMUSG00000031633	Slc25a4
Slc25a44	ENSG00000160785	ENSMUSG00000050144	Slc25a44
Slc25a5	ENSG00000005022	ENSMUSG00000016319	Slc25a5
Slc27a3	ENSG00000143554	ENSMUSG00000027932	Slc27a3
Slc2a1	ENSG00000117394	ENSMUSG00000028645	Slc2a1
Slc2a13	ENSG00000151229	ENSMUSG00000036298	Slc2a13
Slc2a3	NA	ENSMUSG00000003153	Slc2a3
Slc2a4	ENSG00000181856	ENSMUSG00000018566	Slc2a4
Slc2a7	ENSG00000197241	ENSMUSG00000062064	Slc2a7
Slc33a1	ENSG00000169359	ENSMUSG00000027822	Slc33a1
Slc35b1	ENSG00000121073	ENSMUSG00000020873	Slc35b1
Slc35b3	ENSG00000124786	ENSMUSG00000021432	Slc35b3
Slc35d1	ENSG00000116704	ENSMUSG00000028521	Slc35d1
Slc35f1	ENSG00000196376	ENSMUSG00000038602	Slc35f1
Slc38a1	ENSG00000111371	ENSMUSG00000023169	Slc38a1
Slc38a2	ENSG00000134294	ENSMUSG00000022462	Slc38a2
Slc38a4	ENSG00000139209	ENSMUSG00000022464	Slc38a4
Slc38a6	ENSG00000139974	ENSMUSG00000044712	Slc38a6
Slc38a9	ENSG00000177058	ENSMUSG00000047789	Slc38a9
Slc39a10	ENSG00000196950	ENSMUSG00000025986	Slc39a10
Slc39a6	ENSG00000141424	ENSMUSG00000024270	Slc39a6
Slc3a2	ENSG00000168003	ENSMUSG00000010095	Slc3a2
Slc43a2	ENSG00000167703	ENSMUSG00000038178	Slc43a2
Slc44a1	ENSG00000070214	ENSMUSG00000028412	Slc44a1
Slc44a5	ENSG00000137968	ENSMUSG00000028360	Slc44a5
Slc4a4	ENSG00000080493	ENSMUSG00000060961	Slc4a4
Slc4a7	ENSG00000033867	ENSMUSG00000021733	Slc4a7
Slc5a4b	NA	ENSMUSG00000020226	Slc5a4b
Slc6a15	ENSG00000072041	ENSMUSG00000019894	Slc6a15
Slc6a17	ENSG00000197106	ENSMUSG00000027894	Slc6a17
Slc7a1	ENSG00000139514	ENSMUSG00000041313	Slc7a1
Slc7a11	ENSG00000151012	ENSMUSG00000027737	Slc7a11
Slc7a2	ENSG00000003989	ENSMUSG00000031596	Slc7a2
Slc8a1	ENSG00000183023	ENSMUSG00000054640	Slc8a1
Slc8a3	ENSG00000100678	ENSMUSG00000079055	Slc8a3
Slc9a6	ENSG00000198689	ENSMUSG00000060681	Slc9a6
Slc9a9	ENSG00000181804	ENSMUSG00000031129	Slc9a9
Slco3a1	ENSG00000176463	ENSMUSG00000025790	Slco3a1
Slco5a1	ENSG00000137571	ENSMUSG00000025938	Slco5a1
Slf1	ENSG00000133302	ENSMUSG00000021597	Slf1
Slirp	ENSG00000119705	ENSMUSG00000021040	Slirp
Slit1	ENSG00000187122	ENSMUSG00000025020	Slit1
Slit2	ENSG00000145147	ENSMUSG00000031558	Slit2
Slit3	ENSG00000184347	ENSMUSG00000056427	Slit3
Slitrk6	ENSG00000184564	ENSMUSG00000045871	Slitrk6
Slx4ip	ENSG00000149346	ENSMUSG00000027281	Slx4ip
Smad6	ENSG00000137834	ENSMUSG00000036867	Smad6
Smad7	ENSG00000101665	ENSMUSG00000025880	Smad7
Smarca1	ENSG00000102038	ENSMUSG00000031099	Smarca1
Smarca2	ENSG00000080503	ENSMUSG00000024921	Smarca2
Smarca5	ENSG00000153147	ENSMUSG00000031715	Smarca5
Smc1b	ENSG00000077935	ENSMUSG00000022432	Smc1b
Smc2	ENSG00000136824	ENSMUSG00000028312	Smc2
Smc4	ENSG00000113810	ENSMUSG00000034349	Smc4
Smc6	ENSG00000163029	ENSMUSG00000020608	Smc6
Smchd1	ENSG00000101596	ENSMUSG00000024054	Smchd1
Smndc1	ENSG00000119953	ENSMUSG00000025024	Smndc1
Smoc1	ENSG00000198732	ENSMUSG00000021136	Smoc1
Smoc2	ENSG00000112562	ENSMUSG00000023886	Smoc2
Smpd4	ENSG00000136699	ENSMUSG00000005899	Smpd4
Sms	ENSG00000102172	ENSMUSG00000071708	Sms
Smu1	ENSG00000122692	ENSMUSG00000028409	Smu1
Smyd3	ENSG00000185420	ENSMUSG00000055067	Smyd3
Snap91	ENSG00000065609	ENSMUSG00000033419	Snap91
Snapc5	ENSG00000174446	ENSMUSG00000032398	Snapc5
Snca	ENSG00000145335	ENSMUSG00000025889	Snca
Sncaip	ENSG00000064692	ENSMUSG00000024534	Sncaip
Sned1	ENSG00000162804	ENSMUSG00000047793	Sned1
Snhg12	NA	ENSMUSG00000086290	Snhg12
Snhg17	NA	ENSMUSG00000085385	Snhg17
Snhg18	NA	ENSMUSG00000096956	Snhg18
Snhg20	NA	ENSMUSG00000086859	Snhg20
Snhg5	NA	ENSMUSG00000097195	Snhg5
Snhg6	NA	ENSMUSG00000098234	Snhg6
Snhg8	NA	ENSMUSG00000104960	Snhg8
Snora57	ENSG00000206597	ENSMUSG00000070167	Snora57
Snrnp200	ENSG00000144028	ENSMUSG00000003660	Snrnp200
Snrnp25	ENSG00000161981	ENSMUSG00000040767	Snrnp25
Snrnp48	ENSG00000168566	ENSMUSG00000021431	Snrnp48
Snrpa1	ENSG00000131876	ENSMUSG00000030512	Snrpa1
Snrpb2	ENSG00000125870	ENSMUSG00000008333	Snrpb2
Snrpd1	ENSG00000167088	ENSMUSG00000002477	Snrpd1
Snrpd2	NA	ENSMUSG00000040824	Snrpd2
Snrpf	ENSG00000139343	ENSMUSG00000020018	Snrpf
Snrpg	ENSG00000143977	ENSMUSG00000057278	Snrpg
Sntb1	ENSG00000172164	ENSMUSG00000060429	Sntb1
Sntb2	ENSG00000168807	ENSMUSG00000041308	Sntb2
Sntg1	ENSG00000147481	ENSMUSG00000025909	Sntg1
Snw1	ENSG00000100603	ENSMUSG00000021039	Snw1
Snx10	ENSG00000086300	ENSMUSG00000038301	Snx10
Snx12	ENSG00000147164	ENSMUSG00000046032	Snx12
Snx14	ENSG00000135317	ENSMUSG00000032422	Snx14
Snx16	ENSG00000104497	ENSMUSG00000027534	Snx16
Snx18	ENSG00000178996	ENSMUSG00000042364	Snx18
Snx24	ENSG00000064652	ENSMUSG00000024535	Snx24
Snx25	ENSG00000109762	ENSMUSG00000038291	Snx25
Snx5	ENSG00000089006	ENSMUSG00000027423	Snx5
Snx7	ENSG00000162627	ENSMUSG00000028007	Snx7
Sobp	ENSG00000112320	ENSMUSG00000038248	Sobp
Socs2	ENSG00000120833	ENSMUSG00000020027	Socs2
Socs6	ENSG00000170677	ENSMUSG00000056153	Socs6
Sod1	ENSG00000142168	ENSMUSG00000022982	Sod1
Son	ENSG00000159140	ENSMUSG00000022961	Son
Sorbs1	ENSG00000095637	ENSMUSG00000025006	Sorbs1
Sorbs2	ENSG00000154556	ENSMUSG00000031626	Sorbs2
Sorcs1	ENSG00000108018	ENSMUSG00000043531	Sorcs1
Sorcs2	ENSG00000184985	ENSMUSG00000029093	Sorcs2
Sorcs3	ENSG00000156395	ENSMUSG00000063434	Sorcs3
Sorl1	ENSG00000137642	ENSMUSG00000049313	Sorl1
Sostdc1	ENSG00000171243	ENSMUSG00000036169	Sostdc1
Sox2ot	NA	ENSMUSG00000105265	Sox2ot
Sp100	ENSG00000079263	ENSMUSG00000026222	Sp100
Spag16	ENSG00000144451	ENSMUSG00000053153	Spag16
Spag17	ENSG00000155761	ENSMUSG00000027867	Spag17
Spag5	ENSG00000076382	ENSMUSG00000002055	Spag5
Sparc	ENSG00000113140	ENSMUSG00000018593	Sparc
Sparcl1	ENSG00000152583	ENSMUSG00000029309	Sparcl1
Spata1	ENSG00000122432	ENSMUSG00000028188	Spata1
Spata13	ENSG00000182957	ENSMUSG00000021990	Spata13
Spata6	ENSG00000132122	ENSMUSG00000034401	Spata6
Spats2	ENSG00000123352	ENSMUSG00000051934	Spats2
Spats2l	ENSG00000196141	ENSMUSG00000038305	Spats2l
Spc25	ENSG00000152253	ENSMUSG00000005233	Spc25
Spcs1	ENSG00000114902	ENSMUSG00000021917	Spcs1
Spcs2	ENSG00000118363	ENSMUSG00000035227	Spcs2
Spcs3	ENSG00000129128	ENSMUSG00000054408	Spcs3
Spdl1	ENSG00000040275	ENSMUSG00000069910	Spdl1
Specc1	ENSG00000128487	ENSMUSG00000042331	Specc1
Sphkap	ENSG00000153820	ENSMUSG00000026163	Sphkap
Spidr	ENSG00000164808	ENSMUSG00000041974	Spidr
Spink10	ENSG00000204909	ENSMUSG00000044176	Spink10
Spink2	ENSG00000128040	ENSMUSG00000053030	Spink2
Spint2	ENSG00000167642	ENSMUSG00000074227	Spint2
Spire1	ENSG00000134278	ENSMUSG00000024533	Spire1
Spock1	ENSG00000152377	ENSMUSG00000056222	Spock1
Spock3	ENSG00000196104	ENSMUSG00000054162	Spock3
Spon1	ENSG00000262655	ENSMUSG00000038156	Spon1
Spred1	ENSG00000166068	ENSMUSG00000027351	Spred1
Spred2	ENSG00000198369	ENSMUSG00000045671	Spred2
Spry2	ENSG00000136158	ENSMUSG00000022114	Spry2
Spry4	ENSG00000187678	ENSMUSG00000024427	Spry4
Spsb4	ENSG00000175093	ENSMUSG00000046997	Spsb4
Sptb	ENSG00000070182	ENSMUSG00000021061	Sptb
Sqle	ENSG00000104549	ENSMUSG00000022351	Sqle
Srek1ip1	ENSG00000153006	ENSMUSG00000021716	Srek1ip1
Srgap1	ENSG00000196935	ENSMUSG00000020121	Srgap1
Srgap3	ENSG00000196220	ENSMUSG00000030257	Srgap3
Srl	ENSG00000185739	ENSMUSG00000022519	Srl
Srp14	ENSG00000140319	ENSMUSG00000009549	Srp14
Srp9	ENSG00000143742	ENSMUSG00000026511	Srp9
Srprb	ENSG00000144867	ENSMUSG00000032553	Srprb
Srsf1	ENSG00000136450	ENSMUSG00000018379	Srsf1
Srsf10	ENSG00000188529	ENSMUSG00000028676	Srsf10
Srsf11	ENSG00000116754	ENSMUSG00000055436	Srsf11
Srsf2	ENSG00000161547	ENSMUSG00000034120	Srsf2
Srsf3	ENSG00000112081	ENSMUSG00000071172	Srsf3
Srsf5	ENSG00000100650	ENSMUSG00000021134	Srsf5
Srsf6	ENSG00000124193	ENSMUSG00000016921	Srsf6
Srsf7	ENSG00000115875	ENSMUSG00000024097	Srsf7
Ssb	ENSG00000138385	ENSMUSG00000068882	Ssb
Ssbp2	ENSG00000145687	ENSMUSG00000003992	Ssbp2
Ssh2	ENSG00000141298	ENSMUSG00000037926	Ssh2
Ssna1	ENSG00000176101	ENSMUSG00000026966	Ssna1
Ssr1	ENSG00000124783	ENSMUSG00000021427	Ssr1
Ssr2	ENSG00000163479	ENSMUSG00000041355	Ssr2
Ssr3	ENSG00000114850	ENSMUSG00000027828	Ssr3
Ssr4	ENSG00000180879	ENSMUSG00000002014	Ssr4
Ssrp1	ENSG00000149136	ENSMUSG00000027067	Ssrp1
St3gal4	ENSG00000110080	ENSMUSG00000032038	St3gal4
St3gal6	ENSG00000064225	ENSMUSG00000022747	St3gal6
St6gal1	ENSG00000073849	ENSMUSG00000022885	St6gal1
St6gal2	ENSG00000144057	ENSMUSG00000024172	St6gal2
St6galnac3	ENSG00000184005	ENSMUSG00000052544	St6galnac3
St6galnac5	ENSG00000117069	ENSMUSG00000039037	St6galnac5
St7	ENSG00000004866	ENSMUSG00000029534	St7
St8sia1	ENSG00000111728	ENSMUSG00000030283	St8sia1
St8sia2	ENSG00000140557	ENSMUSG00000025789	St8sia2
St8sia4	ENSG00000113532	ENSMUSG00000040710	St8sia4
Stac	ENSG00000144681	ENSMUSG00000032502	Stac
Stambpl1	ENSG00000138134	ENSMUSG00000024776	Stambpl1
Stard4	ENSG00000164211	ENSMUSG00000024378	Stard4
Stard5	ENSG00000172345	ENSMUSG00000046027	Stard5
Stard7	ENSG00000084090	ENSMUSG00000027367	Stard7
Stard8	ENSG00000130052	ENSMUSG00000031216	Stard8
Stard9	NA	ENSMUSG00000033705	Stard9
Stau2	ENSG00000040341	ENSMUSG00000025920	Stau2
Stim1	ENSG00000167323	ENSMUSG00000030987	Stim1
Stim2	ENSG00000109689	ENSMUSG00000039156	Stim2
Stk10	ENSG00000072786	ENSMUSG00000020272	Stk10
Stk26	ENSG00000134602	ENSMUSG00000031112	Stk26
Stk32b	ENSG00000152953	ENSMUSG00000029123	Stk32b
Stk38l	ENSG00000211455	ENSMUSG00000001630	Stk38l
Stk39	ENSG00000198648	ENSMUSG00000027030	Stk39
Stk4	ENSG00000101109	ENSMUSG00000018209	Stk4
Stmn1	ENSG00000117632	ENSMUSG00000028832	Stmn1
Stoml2	ENSG00000165283	ENSMUSG00000028455	Stoml2
Stox2	ENSG00000173320	ENSMUSG00000038143	Stox2
Strap	ENSG00000023734	ENSMUSG00000030224	Strap
Stub1	ENSG00000103266	ENSMUSG00000039615	Stub1
Stx17	ENSG00000136874	ENSMUSG00000061455	Stx17
Stx18	ENSG00000168818	ENSMUSG00000029125	Stx18
Stx2	ENSG00000111450	ENSMUSG00000029428	Stx2
Stx8	ENSG00000170310	ENSMUSG00000020903	Stx8
Stxbp5	ENSG00000164506	ENSMUSG00000019790	Stxbp5
Stxbp6	ENSG00000168952	ENSMUSG00000046314	Stxbp6
Styk1	ENSG00000060140	ENSMUSG00000032899	Styk1
Styxl1	ENSG00000127952	ENSMUSG00000019178	Styxl1
Sub1	ENSG00000113387	ENSMUSG00000022205	Sub1
Suclg1	ENSG00000163541	ENSMUSG00000052738	Suclg1
Suclg2	ENSG00000172340	ENSMUSG00000061838	Suclg2
Sugct	ENSG00000175600	ENSMUSG00000055137	Sugct
Sulf1	ENSG00000137573	ENSMUSG00000016918	Sulf1
Sumo1	ENSG00000116030	ENSMUSG00000026021	Sumo1
Sumo3	ENSG00000184900	ENSMUSG00000020265	Sumo3
Supt3	ENSG00000196284	ENSMUSG00000038954	Supt3
Surf4	ENSG00000148248	ENSMUSG00000014867	Surf4
Susd6	ENSG00000100647	ENSMUSG00000021133	Susd6
Suv39h2	ENSG00000152455	ENSMUSG00000026646	Suv39h2
Svep1	ENSG00000165124	ENSMUSG00000028369	Svep1
Svil	ENSG00000197321	ENSMUSG00000024236	Svil
Swt1	ENSG00000116668	ENSMUSG00000052748	Swt1
Syce2	ENSG00000161860	ENSMUSG00000003824	Syce2
Syf2	ENSG00000117614	ENSMUSG00000028821	Syf2
Syn3	ENSG00000185666	ENSMUSG00000059602	Syn3
Syndig1	ENSG00000101463	ENSMUSG00000074736	Syndig1
Syne1	ENSG00000131018	ENSMUSG00000096054	Syne1
Syne2	ENSG00000054654	ENSMUSG00000063450	Syne2
Synj1	ENSG00000159082	ENSMUSG00000022973	Synj1
Synpo	ENSG00000171992	ENSMUSG00000043079	Synpo
Synpo2	ENSG00000172403	ENSMUSG00000050315	Synpo2
Synpr	ENSG00000163630	ENSMUSG00000056296	Synpr
Syt1	ENSG00000067715	ENSMUSG00000035864	Syt1
Syt16	ENSG00000139973	ENSMUSG00000044912	Syt16
Syt6	ENSG00000134207	ENSMUSG00000027849	Syt6
Syt9	ENSG00000170743	ENSMUSG00000062542	Syt9
Sytl3	ENSG00000164674	ENSMUSG00000041831	Sytl3
Syvn1	ENSG00000162298	ENSMUSG00000024807	Syvn1
Tacc1	ENSG00000147526	ENSMUSG00000065954	Tacc1
Tacc3	ENSG00000013810	ENSMUSG00000037313	Tacc3
Tada1	ENSG00000152382	ENSMUSG00000026563	Tada1
Taf12	ENSG00000120656	ENSMUSG00000028899	Taf12
Taf1d	ENSG00000166012	ENSMUSG00000031939	Taf1d
Taf4b	ENSG00000141384	ENSMUSG00000054321	Taf4b
Taf5	ENSG00000148835	ENSMUSG00000025049	Taf5
Tagap1	ENSG00000164691	ENSMUSG00000052031	Tagap1
Tanc1	ENSG00000115183	ENSMUSG00000035168	Tanc1
Tanc2	ENSG00000170921	ENSMUSG00000053580	Tanc2
Tango2	ENSG00000183597	ENSMUSG00000013539	Tango2
Tardbp	ENSG00000120948	ENSMUSG00000041459	Tardbp
Tax1bp1	ENSG00000106052	ENSMUSG00000004535	Tax1bp1
Tbc1d12	ENSG00000108239	ENSMUSG00000048720	Tbc1d12
Tbc1d4	ENSG00000136111	ENSMUSG00000033083	Tbc1d4
Tbc1d5	ENSG00000131374	ENSMUSG00000023923	Tbc1d5
Tbc1d9	ENSG00000109436	ENSMUSG00000031709	Tbc1d9
Tbca	ENSG00000171530	ENSMUSG00000042043	Tbca
Tbpl1	ENSG00000028839	ENSMUSG00000071359	Tbpl1
Tbrg4	ENSG00000136270	ENSMUSG00000000384	Tbrg4
Tbx3os1	NA	ENSMUSG00000087516	Tbx3os1
Tcaf1	ENSG00000198420	ENSMUSG00000036667	Tcaf1
Tceal8	ENSG00000180964	ENSMUSG00000051579	Tceal8
Tcerg1l	ENSG00000176769	ENSMUSG00000091002	Tcerg1l
Tcp1	ENSG00000120438	ENSMUSG00000068039	Tcp1
Tcte2	NA	ENSMUSG00000038347	Tcte2
Tctn2	ENSG00000168778	ENSMUSG00000118662	Tctn2
Tdp2	ENSG00000111802	ENSMUSG00000035958	Tdp2
Tenm1	ENSG00000009694	ENSMUSG00000016150	Tenm1
Tenm2	ENSG00000145934	ENSMUSG00000049336	Tenm2
Tenm3	ENSG00000218336	ENSMUSG00000031561	Tenm3
Tenm4	ENSG00000149256	ENSMUSG00000048078	Tenm4
Terb1	ENSG00000249961	ENSMUSG00000052616	Terb1
Terf1	ENSG00000147601	ENSMUSG00000025925	Terf1
Terf2ip	ENSG00000166848	ENSMUSG00000033430	Terf2ip
Tes	ENSG00000135269	ENSMUSG00000029552	Tes
Tesk2	ENSG00000070759	ENSMUSG00000033985	Tesk2
Tex10	ENSG00000136891	ENSMUSG00000028345	Tex10
Tex14	ENSG00000121101	ENSMUSG00000010342	Tex14
Tex15	ENSG00000133863	ENSMUSG00000009628	Tex15
Tex30	ENSG00000151287	ENSMUSG00000026049	Tex30
Tfb1m	ENSG00000029639	ENSMUSG00000036983	Tfb1m
Tfb2m	ENSG00000162851	ENSMUSG00000026492	Tfb2m
Tfdp2	ENSG00000114126	ENSMUSG00000032411	Tfdp2
Tfpi	ENSG00000003436	ENSMUSG00000027082	Tfpi
Tfrc	ENSG00000072274	ENSMUSG00000022797	Tfrc
Tgfb2	ENSG00000092969	ENSMUSG00000039239	Tgfb2
Tgfbi	ENSG00000120708	ENSMUSG00000035493	Tgfbi
Tgfbr1	ENSG00000106799	ENSMUSG00000007613	Tgfbr1
Tgfbr2	ENSG00000163513	ENSMUSG00000032440	Tgfbr2
Tgfbr3	ENSG00000069702	ENSMUSG00000029287	Tgfbr3
Thbs1	ENSG00000137801	ENSMUSG00000040152	Thbs1
Thbs3	ENSG00000169231	ENSMUSG00000028047	Thbs3
Them7	NA	ENSMUSG00000055312	Them7
Thoc1	ENSG00000079134	ENSMUSG00000024287	Thoc1
Thoc7	ENSG00000163634	ENSMUSG00000053453	Thoc7
Thsd4	ENSG00000187720	ENSMUSG00000032289	Thsd4
Thsd7a	ENSG00000005108	ENSMUSG00000032625	Thsd7a
Thsd7b	ENSG00000144229	ENSMUSG00000042581	Thsd7b
Thumpd1	ENSG00000066654	ENSMUSG00000030942	Thumpd1
Thumpd3	ENSG00000134077	ENSMUSG00000030264	Thumpd3
Tiam1	ENSG00000156299	ENSMUSG00000002489	Tiam1
Tiam2	ENSG00000146426	ENSMUSG00000023800	Tiam2
Ticrr	ENSG00000140534	ENSMUSG00000046591	Ticrr
Timm13	ENSG00000099800	ENSMUSG00000020219	Timm13
Timm21	ENSG00000075336	ENSMUSG00000024645	Timm21
Timm22	ENSG00000177370	ENSMUSG00000020843	Timm22
Timm8b	ENSG00000150779	ENSMUSG00000039016	Timm8b
Timp3	ENSG00000100234	ENSMUSG00000020044	Timp3
Tiparp	ENSG00000163659	ENSMUSG00000034640	Tiparp
Tipin	ENSG00000075131	ENSMUSG00000032397	Tipin
Tjp1	ENSG00000104067	ENSMUSG00000030516	Tjp1
Tjp2	ENSG00000119139	ENSMUSG00000024812	Tjp2
Tkt	ENSG00000163931	ENSMUSG00000021957	Tkt
Tle1	ENSG00000196781	ENSMUSG00000008305	Tle1
Tle2	ENSG00000065717	ENSMUSG00000034771	Tle2
Tle4	ENSG00000106829	ENSMUSG00000024642	Tle4
Tll1	ENSG00000038295	ENSMUSG00000053626	Tll1
Tln2	ENSG00000171914	ENSMUSG00000052698	Tln2
Tm2d2	ENSG00000169490	ENSMUSG00000031556	Tm2d2
Tm2d3	ENSG00000184277	ENSMUSG00000078681	Tm2d3
Tm9sf3	ENSG00000077147	ENSMUSG00000025016	Tm9sf3
Tma16	ENSG00000198498	ENSMUSG00000025591	Tma16
Tma7	ENSG00000232112	ENSMUSG00000091537	Tma7
Tmbim4	ENSG00000155957	ENSMUSG00000020225	Tmbim4
Tmc1	ENSG00000165091	ENSMUSG00000024749	Tmc1
Tmcc1	ENSG00000172765	ENSMUSG00000030126	Tmcc1
Tmcc3	ENSG00000057704	ENSMUSG00000020023	Tmcc3
Tmco1	ENSG00000143183	ENSMUSG00000052428	Tmco1
Tmed10	ENSG00000170348	ENSMUSG00000021248	Tmed10
Tmed2	ENSG00000086598	ENSMUSG00000029390	Tmed2
Tmed4	ENSG00000158604	ENSMUSG00000004394	Tmed4
Tmed5	ENSG00000117500	ENSMUSG00000063406	Tmed5
Tmed7	ENSG00000134970	ENSMUSG00000033184	Tmed7
Tmed8	ENSG00000100580	ENSMUSG00000034111	Tmed8
Tmed9	ENSG00000184840	ENSMUSG00000058569	Tmed9
Tmeff1	ENSG00000241697	ENSMUSG00000028347	Tmeff1
Tmeff2	ENSG00000144339	ENSMUSG00000026109	Tmeff2
Tmem100	ENSG00000166292	ENSMUSG00000069763	Tmem100
Tmem108	ENSG00000144868	ENSMUSG00000042757	Tmem108
Tmem109	ENSG00000110108	ENSMUSG00000034659	Tmem109
Tmem117	ENSG00000139173	ENSMUSG00000063296	Tmem117
Tmem120b	ENSG00000188735	ENSMUSG00000054434	Tmem120b
Tmem123	ENSG00000152558	ENSMUSG00000050912	Tmem123
Tmem126a	ENSG00000171202	ENSMUSG00000030615	Tmem126a
Tmem127	ENSG00000135956	ENSMUSG00000034850	Tmem127
Tmem132b	ENSG00000139364	ENSMUSG00000070498	Tmem132b
Tmem132c	ENSG00000181234	ENSMUSG00000034324	Tmem132c
Tmem132cos	NA	ENSMUSG00000087104	Tmem132cos
Tmem132d	ENSG00000151952	ENSMUSG00000034310	Tmem132d
Tmem135	ENSG00000166575	ENSMUSG00000039428	Tmem135
Tmem147	ENSG00000105677	ENSMUSG00000006315	Tmem147
Tmem14c	ENSG00000111843	ENSMUSG00000021361	Tmem14c
Tmem161a	ENSG00000064545	ENSMUSG00000002342	Tmem161a
Tmem163	ENSG00000152128	ENSMUSG00000026347	Tmem163
Tmem164	ENSG00000157600	ENSMUSG00000047045	Tmem164
Tmem167	ENSG00000174695	ENSMUSG00000012422	Tmem167
Tmem170	ENSG00000166822	ENSMUSG00000031953	Tmem170
Tmem178	ENSG00000152154	ENSMUSG00000024245	Tmem178
Tmem178b	ENSG00000261115	ENSMUSG00000057716	Tmem178b
Tmem183a	ENSG00000163444	ENSMUSG00000042305	Tmem183a
Tmem199	ENSG00000244045	ENSMUSG00000051232	Tmem199
Tmem200a	ENSG00000164484	ENSMUSG00000049420	Tmem200a
Tmem208	ENSG00000168701	ENSMUSG00000014856	Tmem208
Tmem209	ENSG00000146842	ENSMUSG00000029782	Tmem209
Tmem218	ENSG00000150433	ENSMUSG00000032121	Tmem218
Tmem237	ENSG00000155755	ENSMUSG00000038079	Tmem237
Tmem241	ENSG00000134490	ENSMUSG00000049411	Tmem241
Tmem242	ENSG00000215712	ENSMUSG00000004945	Tmem242
Tmem256	ENSG00000205544	ENSMUSG00000070394	Tmem256
Tmem258	ENSG00000134825	ENSMUSG00000036372	Tmem258
Tmem26	ENSG00000196932	ENSMUSG00000060044	Tmem26
Tmem260	ENSG00000070269	ENSMUSG00000036339	Tmem260
Tmem30a	ENSG00000112697	ENSMUSG00000032328	Tmem30a
Tmem33	ENSG00000109133	ENSMUSG00000037720	Tmem33
Tmem43	ENSG00000170876	ENSMUSG00000030095	Tmem43
Tmem45a	ENSG00000181458	ENSMUSG00000022754	Tmem45a
Tmem47	ENSG00000147027	ENSMUSG00000025666	Tmem47
Tmem50b	ENSG00000142188	ENSMUSG00000022964	Tmem50b
Tmem51	ENSG00000171729	ENSMUSG00000040616	Tmem51
Tmem65	ENSG00000164983	ENSMUSG00000062373	Tmem65
Tmem80	ENSG00000177042	ENSMUSG00000025505	Tmem80
Tmem97	ENSG00000109084	ENSMUSG00000037278	Tmem97
Tmf1	ENSG00000144747	ENSMUSG00000030059	Tmf1
Tmod3	ENSG00000138594	ENSMUSG00000058587	Tmod3
Tmpo	ENSG00000120802	ENSMUSG00000019961	Tmpo
Tmsb10	NA	ENSMUSG00000079523	Tmsb10
Tmsb4x	ENSG00000205542	ENSMUSG00000049775	Tmsb4x
Tmtc1	ENSG00000133687	ENSMUSG00000030306	Tmtc1
Tmtc2	ENSG00000179104	ENSMUSG00000036019	Tmtc2
Tmx1	ENSG00000139921	ENSMUSG00000021072	Tmx1
Tmx4	ENSG00000125827	ENSMUSG00000034723	Tmx4
Tnc	ENSG00000041982	ENSMUSG00000028364	Tnc
Tnfaip6	ENSG00000123610	ENSMUSG00000053475	Tnfaip6
Tnfaip8	ENSG00000145779	ENSMUSG00000062210	Tnfaip8
Tnfrsf19	ENSG00000127863	ENSMUSG00000060548	Tnfrsf19
Tnfrsf21	ENSG00000146072	ENSMUSG00000023915	Tnfrsf21
Tnik	ENSG00000154310	ENSMUSG00000027692	Tnik
Tnrc6a	ENSG00000090905	ENSMUSG00000052707	Tnrc6a
Tns3	ENSG00000136205	ENSMUSG00000020422	Tns3
Tom1l1	ENSG00000141198	ENSMUSG00000020541	Tom1l1
Tom1l2	ENSG00000175662	ENSMUSG00000000538	Tom1l2
Tomm22	ENSG00000100216	ENSMUSG00000022427	Tomm22
Tomm5	NA	ENSMUSG00000078713	Tomm5
Tomm7	ENSG00000196683	ENSMUSG00000028998	Tomm7
Top1	ENSG00000198900	ENSMUSG00000070544	Top1
Top2a	ENSG00000131747	ENSMUSG00000020914	Top2a
Topbp1	ENSG00000163781	ENSMUSG00000032555	Topbp1
Topors	ENSG00000197579	ENSMUSG00000036822	Topors
Tor1a	ENSG00000136827	ENSMUSG00000026849	Tor1a
Tox	ENSG00000198846	ENSMUSG00000041272	Tox
Tox3	ENSG00000103460	ENSMUSG00000043668	Tox3
Tpcn2	ENSG00000162341	ENSMUSG00000048677	Tpcn2
Tpd52l1	ENSG00000111907	ENSMUSG00000000296	Tpd52l1
Tpi1	ENSG00000111669	ENSMUSG00000023456	Tpi1
Tpk1	ENSG00000196511	ENSMUSG00000029735	Tpk1
Tpm1	ENSG00000140416	ENSMUSG00000032366	Tpm1
Tpm4	ENSG00000167460	ENSMUSG00000031799	Tpm4
Tpp1	ENSG00000166340	ENSMUSG00000030894	Tpp1
Tpr	ENSG00000047410	ENSMUSG00000006005	Tpr
Tpt1	NA	ENSMUSG00000060126	Tpt1
Tpx2	ENSG00000088325	ENSMUSG00000027469	Tpx2
Tra2b	ENSG00000136527	ENSMUSG00000022858	Tra2b
Trabd2b	ENSG00000269113	ENSMUSG00000070867	Trabd2b
Trafd1	ENSG00000135148	ENSMUSG00000042726	Trafd1
Traip	ENSG00000183763	ENSMUSG00000032586	Traip
Tram1	ENSG00000067167	ENSMUSG00000025935	Tram1
Trappc1	ENSG00000170043	ENSMUSG00000049299	Trappc1
Trappc6b	ENSG00000182400	ENSMUSG00000020993	Trappc6b
Trappc9	ENSG00000167632	ENSMUSG00000047921	Trappc9
Trerf1	ENSG00000124496	ENSMUSG00000064043	Trerf1
Trhde	ENSG00000072657	ENSMUSG00000050663	Trhde
Trib2	ENSG00000071575	ENSMUSG00000020601	Trib2
Tril	ENSG00000255690	ENSMUSG00000043496	Tril
Trim11	ENSG00000154370	ENSMUSG00000020455	Trim11
Trim2	ENSG00000109654	ENSMUSG00000027993	Trim2
Trim27	ENSG00000204713	ENSMUSG00000021326	Trim27
Trim28	ENSG00000130726	ENSMUSG00000005566	Trim28
Trim37	ENSG00000108395	ENSMUSG00000018548	Trim37
Trim59	ENSG00000213186	ENSMUSG00000034317	Trim59
Trim71	ENSG00000206557	ENSMUSG00000079259	Trim71
Trim8	ENSG00000171206	ENSMUSG00000025034	Trim8
Trip4	ENSG00000103671	ENSMUSG00000032386	Trip4
Triqk	ENSG00000205133	ENSMUSG00000055963	Triqk
Trmt10a	ENSG00000145331	ENSMUSG00000004127	Trmt10a
Trmt10c	ENSG00000174173	ENSMUSG00000044763	Trmt10c
Trmt61b	NA	ENSMUSG00000085492	Trmt61b
Trnau1ap	ENSG00000180098	ENSMUSG00000028898	Trnau1ap
Trnt1	ENSG00000072756	ENSMUSG00000013736	Trnt1
Tro	ENSG00000067445	ENSMUSG00000025272	Tro
Trp53inp1	ENSG00000164938	ENSMUSG00000028211	Trp53inp1
Trpc1	ENSG00000144935	ENSMUSG00000032839	Trpc1
Trpc3	ENSG00000138741	ENSMUSG00000027716	Trpc3
Trpc4	ENSG00000133107	ENSMUSG00000027748	Trpc4
Trpc5	ENSG00000072315	ENSMUSG00000041710	Trpc5
Trpm3	ENSG00000083067	ENSMUSG00000052387	Trpm3
Trps1	ENSG00000104447	ENSMUSG00000038679	Trps1
Tsc22d2	ENSG00000196428	ENSMUSG00000027806	Tsc22d2
Tsen34	ENSG00000170892	ENSMUSG00000035585	Tsen34
Tsfm	ENSG00000123297	ENSMUSG00000040521	Tsfm
Tsga10	ENSG00000135951	ENSMUSG00000060771	Tsga10
Tshz1	ENSG00000179981	ENSMUSG00000046982	Tshz1
Tshz2	ENSG00000182463	ENSMUSG00000047907	Tshz2
Tshz3	ENSG00000121297	ENSMUSG00000021217	Tshz3
Tspan11	ENSG00000110900	ENSMUSG00000030351	Tspan11
Tspan12	ENSG00000106025	ENSMUSG00000029669	Tspan12
Tspan18	ENSG00000157570	ENSMUSG00000027217	Tspan18
Tspan2	ENSG00000134198	ENSMUSG00000027858	Tspan2
Tspan3	ENSG00000140391	ENSMUSG00000032324	Tspan3
Tspan31	ENSG00000135452	ENSMUSG00000006736	Tspan31
Tspan5	ENSG00000168785	ENSMUSG00000028152	Tspan5
Tspan6	ENSG00000000003	ENSMUSG00000067377	Tspan6
Tspan7	ENSG00000156298	ENSMUSG00000058254	Tspan7
Tsr1	ENSG00000167721	ENSMUSG00000038335	Tsr1
Ttc14	ENSG00000163728	ENSMUSG00000027677	Ttc14
Ttf2	ENSG00000116830	ENSMUSG00000033222	Ttf2
Ttk	ENSG00000112742	ENSMUSG00000038379	Ttk
Ttll12	ENSG00000100304	ENSMUSG00000016757	Ttll12
Ttll4	ENSG00000135912	ENSMUSG00000033257	Ttll4
Ttll7	ENSG00000137941	ENSMUSG00000036745	Ttll7
Ttn	ENSG00000155657	ENSMUSG00000051747	Ttn
Tuba1a	ENSG00000167552	ENSMUSG00000072235	Tuba1a
Tuba1b	ENSG00000123416	ENSMUSG00000023004	Tuba1b
Tubb5	ENSG00000196230	ENSMUSG00000001525	Tubb5
Tug1	ENSG00000253352	ENSMUSG00000056579	Tug1
Tulp3	ENSG00000078246	ENSMUSG00000001521	Tulp3
Twsg1	ENSG00000128791	ENSMUSG00000024098	Twsg1
Txn1	ENSG00000136810	ENSMUSG00000028367	Txn1
Txndc15	ENSG00000113621	ENSMUSG00000021497	Txndc15
Txndc16	ENSG00000087301	ENSMUSG00000021830	Txndc16
Txndc5	ENSG00000239264	ENSMUSG00000038991	Txndc5
Txnl1	ENSG00000091164	ENSMUSG00000024583	Txnl1
Txnrd1	ENSG00000198431	ENSMUSG00000020250	Txnrd1
Tyms	ENSG00000176890	ENSMUSG00000025747	Tyms
Uba5	ENSG00000081307	ENSMUSG00000032557	Uba5
Ubash3b	ENSG00000154127	ENSMUSG00000032020	Ubash3b
Ubb	ENSG00000170315	ENSMUSG00000019505	Ubb
Ubc	ENSG00000150991	ENSMUSG00000008348	Ubc
Ube2d1	ENSG00000072401	ENSMUSG00000019927	Ube2d1
Ube2e2	ENSG00000182247	ENSMUSG00000058317	Ube2e2
Ube2e3	ENSG00000170035	ENSMUSG00000027011	Ube2e3
Ube2h	ENSG00000186591	ENSMUSG00000039159	Ube2h
Ube2q1	ENSG00000160714	ENSMUSG00000042572	Ube2q1
Ube2q2	ENSG00000140367	ENSMUSG00000032307	Ube2q2
Ube2t	ENSG00000077152	ENSMUSG00000026429	Ube2t
Ube2z	ENSG00000159202	ENSMUSG00000014349	Ube2z
Ube3a	ENSG00000114062	ENSMUSG00000025326	Ube3a
Ube3b	ENSG00000151148	ENSMUSG00000029577	Ube3b
Ubfd1	ENSG00000103353	ENSMUSG00000030870	Ubfd1
Ubl3	ENSG00000122042	ENSMUSG00000001687	Ubl3
Ubl5	ENSG00000198258	ENSMUSG00000084786	Ubl5
Ublcp1	ENSG00000164332	ENSMUSG00000041231	Ublcp1
Ubn1	ENSG00000118900	ENSMUSG00000039473	Ubn1
Ubqln2	ENSG00000188021	ENSMUSG00000050148	Ubqln2
Ubqln4	ENSG00000160803	ENSMUSG00000008604	Ubqln4
Ubxn1	ENSG00000162191	ENSMUSG00000071655	Ubxn1
Uchl3	ENSG00000118939	ENSMUSG00000022111	Uchl3
Uchl5	ENSG00000116750	ENSMUSG00000018189	Uchl5
Uck2	ENSG00000143179	ENSMUSG00000026558	Uck2
Uevld	ENSG00000151116	ENSMUSG00000043262	Uevld
Ugdh	ENSG00000109814	ENSMUSG00000029201	Ugdh
Ugp2	ENSG00000169764	ENSMUSG00000001891	Ugp2
Uhrf1	ENSG00000276043	ENSMUSG00000001228	Uhrf1
Ulk2	ENSG00000083290	ENSMUSG00000004798	Ulk2
Unc13b	ENSG00000198722	ENSMUSG00000028456	Unc13b
Unc13c	ENSG00000137766	ENSMUSG00000062151	Unc13c
Unc50	ENSG00000115446	ENSMUSG00000026111	Unc50
Unc5b	ENSG00000107731	ENSMUSG00000020099	Unc5b
Unc5c	ENSG00000182168	ENSMUSG00000059921	Unc5c
Unc5d	ENSG00000156687	ENSMUSG00000063626	Unc5d
Ung	ENSG00000076248	ENSMUSG00000029591	Ung
Upf3b	ENSG00000125351	ENSMUSG00000036572	Upf3b
Upp2	ENSG00000007001	ENSMUSG00000026839	Upp2
Uqcc2	ENSG00000137288	ENSMUSG00000024208	Uqcc2
Uqcr10	ENSG00000184076	ENSMUSG00000059534	Uqcr10
Uqcr11	ENSG00000127540	ENSMUSG00000020163	Uqcr11
Uqcrb	ENSG00000156467	ENSMUSG00000021520	Uqcrb
Uqcrfs1	ENSG00000169021	ENSMUSG00000038462	Uqcrfs1
Uqcrh	ENSG00000173660	ENSMUSG00000063882	Uqcrh
Uqcrq	ENSG00000164405	ENSMUSG00000044894	Uqcrq
Urgcp	ENSG00000106608	ENSMUSG00000049680	Urgcp
Usp1	ENSG00000162607	ENSMUSG00000028560	Usp1
Usp14	ENSG00000101557	ENSMUSG00000047879	Usp14
Usp15	ENSG00000135655	ENSMUSG00000020124	Usp15
Usp19	ENSG00000172046	ENSMUSG00000006676	Usp19
Usp25	ENSG00000155313	ENSMUSG00000022867	Usp25
Usp29	ENSG00000131864	ENSMUSG00000051527	Usp29
Usp3	ENSG00000140455	ENSMUSG00000032376	Usp3
Usp53	ENSG00000145390	ENSMUSG00000039701	Usp53
Ust	ENSG00000111962	ENSMUSG00000047712	Ust
Utp15	ENSG00000164338	ENSMUSG00000041747	Utp15
Utp20	ENSG00000120800	ENSMUSG00000004356	Utp20
Utrn	ENSG00000152818	ENSMUSG00000019820	Utrn
Uty	ENSG00000183878	ENSMUSG00000068457	Uty
Uvssa	ENSG00000163945	ENSMUSG00000037355	Uvssa
Vapa	ENSG00000101558	ENSMUSG00000024091	Vapa
Vat1l	ENSG00000171724	ENSMUSG00000046844	Vat1l
Vav3	ENSG00000134215	ENSMUSG00000033721	Vav3
Vcam1	ENSG00000162692	ENSMUSG00000027962	Vcam1
Vcan	ENSG00000038427	ENSMUSG00000021614	Vcan
Vcl	ENSG00000035403	ENSMUSG00000021823	Vcl
Vcp	ENSG00000165280	ENSMUSG00000028452	Vcp
Vegfc	ENSG00000150630	ENSMUSG00000031520	Vegfc
Vegfd	ENSG00000165197	ENSMUSG00000031380	Vegfd
Veph1	ENSG00000197415	ENSMUSG00000027831	Veph1
Vgll4	ENSG00000144560	ENSMUSG00000030315	Vgll4
Vim	ENSG00000026025	ENSMUSG00000026728	Vim
Vldlr	ENSG00000147852	ENSMUSG00000024924	Vldlr
Vopp1	ENSG00000154978	ENSMUSG00000037788	Vopp1
Vps13a	ENSG00000197969	ENSMUSG00000046230	Vps13a
Vps13b	ENSG00000132549	ENSMUSG00000037646	Vps13b
Vps4a	ENSG00000132612	ENSMUSG00000031913	Vps4a
Vps8	ENSG00000156931	ENSMUSG00000033653	Vps8
Vrk2	ENSG00000028116	ENSMUSG00000064090	Vrk2
Vstm2b	ENSG00000187135	ENSMUSG00000039257	Vstm2b
Vtcn1	ENSG00000134258	ENSMUSG00000051076	Vtcn1
Vwc2	ENSG00000188730	ENSMUSG00000050830	Vwc2
Wars2	ENSG00000116874	ENSMUSG00000004233	Wars2
Wasf1	ENSG00000112290	ENSMUSG00000019831	Wasf1
Wdhd1	ENSG00000198554	ENSMUSG00000037572	Wdhd1
Wdpcp	ENSG00000143951	ENSMUSG00000020319	Wdpcp
Wdr1	ENSG00000071127	ENSMUSG00000005103	Wdr1
Wdr12	ENSG00000138442	ENSMUSG00000026019	Wdr12
Wdr13	ENSG00000101940	ENSMUSG00000031166	Wdr13
Wdr17	ENSG00000150627	ENSMUSG00000039375	Wdr17
Wdr18	ENSG00000065268	ENSMUSG00000035754	Wdr18
Wdr3	ENSG00000065183	ENSMUSG00000033285	Wdr3
Wdr36	ENSG00000134987	ENSMUSG00000038299	Wdr36
Wdr43	ENSG00000163811	ENSMUSG00000041057	Wdr43
Wdr44	ENSG00000131725	ENSMUSG00000036769	Wdr44
Wdr72	ENSG00000166415	ENSMUSG00000044976	Wdr72
Wdr75	ENSG00000115368	ENSMUSG00000025995	Wdr75
Wdr76	ENSG00000092470	ENSMUSG00000027242	Wdr76
Wdtc1	ENSG00000142784	ENSMUSG00000037622	Wdtc1
Wee1	ENSG00000166483	ENSMUSG00000031016	Wee1
Whrn	ENSG00000095397	ENSMUSG00000039137	Whrn
Wif1	ENSG00000156076	ENSMUSG00000020218	Wif1
Wipf1	ENSG00000115935	ENSMUSG00000075284	Wipf1
Wipf3	ENSG00000122574	ENSMUSG00000086040	Wipf3
Wipi1	ENSG00000070540	ENSMUSG00000041895	Wipi1
Wls	ENSG00000116729	ENSMUSG00000028173	Wls
Wnk2	ENSG00000165238	ENSMUSG00000037989	Wnk2
Wnt5a	ENSG00000114251	ENSMUSG00000021994	Wnt5a
Wnt5b	ENSG00000111186	ENSMUSG00000030170	Wnt5b
Wrnip1	ENSG00000124535	ENSMUSG00000021400	Wrnip1
Wsb1	ENSG00000109046	ENSMUSG00000017677	Wsb1
Wwc1	ENSG00000113645	ENSMUSG00000018849	Wwc1
Wwc2	ENSG00000151718	ENSMUSG00000031563	Wwc2
Wwox	ENSG00000186153	ENSMUSG00000004637	Wwox
Wwp2	ENSG00000198373	ENSMUSG00000031930	Wwp2
Wwtr1	ENSG00000018408	ENSMUSG00000027803	Wwtr1
Xaf1	ENSG00000132530	ENSMUSG00000040483	Xaf1
Xist	NA	ENSMUSG00000086503	Xist
Xkr4	ENSG00000206579	ENSMUSG00000051951	Xkr4
Xpr1	ENSG00000143324	ENSMUSG00000026469	Xpr1
Xrcc4	ENSG00000152422	ENSMUSG00000021615	Xrcc4
Xrcc5	ENSG00000079246	ENSMUSG00000026187	Xrcc5
Xylt1	ENSG00000103489	ENSMUSG00000030657	Xylt1
Yaf2	ENSG00000015153	ENSMUSG00000022634	Yaf2
Ybx1	ENSG00000065978	ENSMUSG00000028639	Ybx1
Ybx3	ENSG00000060138	ENSMUSG00000030189	Ybx3
Yipf4	ENSG00000119820	ENSMUSG00000024072	Yipf4
Ypel2	ENSG00000175155	ENSMUSG00000018427	Ypel2
Yrdc	ENSG00000196449	ENSMUSG00000028889	Yrdc
Ythdc1	ENSG00000083896	ENSMUSG00000035851	Ythdc1
Ythdf1	ENSG00000149658	ENSMUSG00000038848	Ythdf1
Ywhab	ENSG00000166913	ENSMUSG00000018326	Ywhab
Ywhah	ENSG00000128245	ENSMUSG00000018965	Ywhah
Ywhaq	ENSG00000134308	ENSMUSG00000076432	Ywhaq
Zbtb16	ENSG00000109906	ENSMUSG00000066687	Zbtb16
Zbtb2	ENSG00000181472	ENSMUSG00000075327	Zbtb2
Zbtb20	ENSG00000181722	ENSMUSG00000022708	Zbtb20
Zbtb40	ENSG00000184677	ENSMUSG00000060862	Zbtb40
Zbtb41	ENSG00000177888	ENSMUSG00000033964	Zbtb41
Zbtb46	ENSG00000130584	ENSMUSG00000027583	Zbtb46
Zc2hc1a	ENSG00000104427	ENSMUSG00000043542	Zc2hc1a
Zc3h12b	ENSG00000102053	ENSMUSG00000035045	Zc3h12b
Zc3h12c	ENSG00000149289	ENSMUSG00000035164	Zc3h12c
Zc3h15	ENSG00000065548	ENSMUSG00000027091	Zc3h15
Zc3h6	ENSG00000188177	ENSMUSG00000042851	Zc3h6
Zc3h8	ENSG00000144161	ENSMUSG00000027387	Zc3h8
Zcchc3	ENSG00000247315	ENSMUSG00000074682	Zcchc3
Zcchc7	ENSG00000147905	ENSMUSG00000035649	Zcchc7
Zcrb1	ENSG00000139168	ENSMUSG00000022635	Zcrb1
Zcwpw2	ENSG00000206559	ENSMUSG00000032443	Zcwpw2
Zdbf2	ENSG00000204186	ENSMUSG00000027520	Zdbf2
Zdhhc13	ENSG00000177054	ENSMUSG00000030471	Zdhhc13
Zdhhc14	ENSG00000175048	ENSMUSG00000034265	Zdhhc14
Zdhhc15	ENSG00000102383	ENSMUSG00000033906	Zdhhc15
Zdhhc16	ENSG00000171307	ENSMUSG00000025157	Zdhhc16
Zdhhc2	ENSG00000104219	ENSMUSG00000039470	Zdhhc2
Zdhhc5	ENSG00000156599	ENSMUSG00000034075	Zdhhc5
Zeb2	ENSG00000169554	ENSMUSG00000026872	Zeb2
Zfand1	ENSG00000104231	ENSMUSG00000039795	Zfand1
Zfand4	ENSG00000172671	ENSMUSG00000042213	Zfand4
Zfand5	ENSG00000107372	ENSMUSG00000024750	Zfand5
Zfas1	NA	ENSMUSG00000074578	Zfas1
Zfhx3	ENSG00000140836	ENSMUSG00000038872	Zfhx3
Zfhx4	ENSG00000091656	ENSMUSG00000025255	Zfhx4
Zfp13	ENSG00000122386	ENSMUSG00000062012	Zfp13
Zfp131	ENSG00000172262	ENSMUSG00000094870	Zfp131
Zfp14	ENSG00000142065	ENSMUSG00000053985	Zfp14
Zfp277	ENSG00000198839	ENSMUSG00000055917	Zfp277
Zfp286	ENSG00000187607	ENSMUSG00000047342	Zfp286
Zfp322a	ENSG00000181315	ENSMUSG00000046351	Zfp322a
Zfp330	ENSG00000109445	ENSMUSG00000031711	Zfp330
Zfp367	ENSG00000165244	ENSMUSG00000044934	Zfp367
Zfp36l1	ENSG00000185650	ENSMUSG00000021127	Zfp36l1
Zfp37	ENSG00000136866	ENSMUSG00000028389	Zfp37
Zfp385b	ENSG00000144331	ENSMUSG00000027016	Zfp385b
Zfp40	NA	ENSMUSG00000002617	Zfp40
Zfp407	ENSG00000215421	ENSMUSG00000048410	Zfp407
Zfp422	ENSG00000165512	ENSMUSG00000059878	Zfp422
Zfp438	ENSG00000183621	ENSMUSG00000050945	Zfp438
Zfp462	ENSG00000148143	ENSMUSG00000060206	Zfp462
Zfp503	ENSG00000165655	ENSMUSG00000039081	Zfp503
Zfp518a	ENSG00000177853	ENSMUSG00000049164	Zfp518a
Zfp521	ENSG00000198795	ENSMUSG00000024420	Zfp521
Zfp523	ENSG00000065029	ENSMUSG00000024220	Zfp523
Zfp53	NA	ENSMUSG00000057409	Zfp53
Zfp536	ENSG00000198597	ENSMUSG00000043456	Zfp536
Zfp560	ENSG00000197961	ENSMUSG00000045519	Zfp560
Zfp598	ENSG00000167962	ENSMUSG00000041130	Zfp598
Zfp608	ENSG00000168916	ENSMUSG00000052713	Zfp608
Zfp618	ENSG00000157657	ENSMUSG00000028358	Zfp618
Zfp639	ENSG00000121864	ENSMUSG00000027667	Zfp639
Zfp697	ENSG00000143067	ENSMUSG00000050064	Zfp697
Zfp703	ENSG00000183779	ENSMUSG00000085795	Zfp703
Zfp704	ENSG00000164684	ENSMUSG00000040209	Zfp704
Zfp706	ENSG00000120963	ENSMUSG00000062397	Zfp706
Zfp711	ENSG00000147180	ENSMUSG00000025529	Zfp711
Zfp74	ENSG00000196437	ENSMUSG00000059975	Zfp74
Zfp760	ENSG00000196378	ENSMUSG00000067928	Zfp760
Zfp770	ENSG00000198146	ENSMUSG00000040321	Zfp770
Zfp790	NA	ENSMUSG00000011427	Zfp790
Zfp800	ENSG00000048405	ENSMUSG00000039841	Zfp800
Zfp804a	ENSG00000170396	ENSMUSG00000070866	Zfp804a
Zfp804b	ENSG00000182348	ENSMUSG00000092094	Zfp804b
Zfp808	NA	ENSMUSG00000074867	Zfp808
Zfp820	ENSG00000196378	ENSMUSG00000069743	Zfp820
Zfp827	ENSG00000151612	ENSMUSG00000071064	Zfp827
Zfp943	ENSG00000196378	ENSMUSG00000053347	Zfp943
Zfp948	NA	ENSMUSG00000067931	Zfp948
Zfp950	NA	ENSMUSG00000074733	Zfp950
Zfp951	NA	ENSMUSG00000072774	Zfp951
Zfp982	NA	ENSMUSG00000078496	Zfp982
Zfp984	ENSG00000196378	ENSMUSG00000078495	Zfp984
Zfpm2	ENSG00000169946	ENSMUSG00000022306	Zfpm2
Zgrf1	NA	ENSMUSG00000051278	Zgrf1
Zhx2	ENSG00000178764	ENSMUSG00000071757	Zhx2
Zim1	NA	ENSMUSG00000002266	Zim1
Zmat1	ENSG00000166432	ENSMUSG00000052676	Zmat1
Zmat4	ENSG00000165061	ENSMUSG00000037492	Zmat4
Zmat5	ENSG00000100319	ENSMUSG00000009076	Zmat5
Zmiz1	ENSG00000108175	ENSMUSG00000007817	Zmiz1
Zmym1	ENSG00000197056	ENSMUSG00000043872	Zmym1
Znrf3	ENSG00000183579	ENSMUSG00000041961	Znrf3
Zranb1	ENSG00000019995	ENSMUSG00000030967	Zranb1
Zranb2	ENSG00000132485	ENSMUSG00000028180	Zranb2
Zranb3	ENSG00000121988	ENSMUSG00000036086	Zranb3
Zswim1	ENSG00000168612	ENSMUSG00000017764	Zswim1
Zswim5	ENSG00000162415	ENSMUSG00000033948	Zswim5
Zswim6	ENSG00000130449	ENSMUSG00000032846	Zswim6
Zwilch	ENSG00000174442	ENSMUSG00000032400	Zwilch
